outlet_id,outlet_name,sales_date,net_sales,transaction_count,source,source_ref
c3e5a387-4a1a-4ee9-9e80-3a335d816636,HAC SSC,2025-07-08,376.20,30,qashier,7898e2a29f751c33e0486abd21ed3fad6cb2883b43f5a83577fe1ad004385dc5
c3e5a387-4a1a-4ee9-9e80-3a335d816636,HAC SSC,2025-07-09,307.60,28,qashier,4d0a8255d0876af29ac701e91cad8a4ad278457606a294f9c8c2bbaf9010216e
c3e5a387-4a1a-4ee9-9e80-3a335d816636,HAC SSC,2025-07-10,254.85,23,qashier,bd55243adaf29a07ce963d8a7dee8bc19c5337816236b791eef5d37edc27aabe
c3e5a387-4a1a-4ee9-9e80-3a335d816636,HAC SSC,2025-07-11,697.50,53,qashier,3ed08ff252c925287d1003efa9e146a49d051867870f7a8119a3cc4241a0ff3e
c3e5a387-4a1a-4ee9-9e80-3a335d816636,HAC SSC,2025-07-12,831.10,64,qashier,33b143aea4a516495a942c6284d05062ea561d15bec247f91877189410cd9d18
c3e5a387-4a1a-4ee9-9e80-3a335d816636,HAC SSC,2025-07-13,762.00,55,qashier,aae953d4aca06df3bdd73b708cb1f593706f831c9c4a8b7e825d312307987a25
c3e5a387-4a1a-4ee9-9e80-3a335d816636,HAC SSC,2025-07-14,477.50,34,qashier,6fc8339c991a64db15b3cf290788bf2f3253f7244790e152ce8c783f2b5dabab
c3e5a387-4a1a-4ee9-9e80-3a335d816636,HAC SSC,2025-07-15,331.60,24,qashier,0668ca893493a38fa49bc3b67e39ddb00e9412f48f2d0202824080ad4efbac92
c3e5a387-4a1a-4ee9-9e80-3a335d816636,HAC SSC,2025-07-16,346.10,30,qashier,5b501987eaed5d6f1fc69dcffa9f8ccaf1a1b8573043b75cbc93b9af9edb2156
c3e5a387-4a1a-4ee9-9e80-3a335d816636,HAC SSC,2025-07-17,262.60,28,qashier,c492beac165a82022b5f0a16170b8a4b1c87b177873309eb5faa22c90f8f99a6
c3e5a387-4a1a-4ee9-9e80-3a335d816636,HAC SSC,2025-07-18,632.60,51,qashier,9f1de2223f892d58655bcd3ee531173f2bfd4736df33a8387fb6e9ef420f21a0
c3e5a387-4a1a-4ee9-9e80-3a335d816636,HAC SSC,2025-07-19,877.30,67,qashier,9a8e8ab024eaa44617c3071fe868e03d152ac326980dfc110cbf7766ad9931f8
c3e5a387-4a1a-4ee9-9e80-3a335d816636,HAC SSC,2025-07-20,836.50,59,qashier,a38e1883b71734989d99075b426bff9256c0f319cb68d4512972ecde6dd3c404
c3e5a387-4a1a-4ee9-9e80-3a335d816636,HAC SSC,2025-07-21,608.50,43,qashier,24bc4acd2fa998e51f2fbf12d52797db6a1b2690a8648fce9aa99ead77bf2ca3
c3e5a387-4a1a-4ee9-9e80-3a335d816636,HAC SSC,2025-07-22,370.90,30,qashier,0da3b6ab34603927ef6961d147bd3c34bcf3a980f0d4a62b7f9d7038fe2878ec
c3e5a387-4a1a-4ee9-9e80-3a335d816636,HAC SSC,2025-07-23,476.60,38,qashier,5ec13b47b9870bbc7649f595db7ce3bac2e84c25ab766205b40ac4034576f78e
c3e5a387-4a1a-4ee9-9e80-3a335d816636,HAC SSC,2025-07-24,273.00,26,qashier,179e73993da25a690abbc64d073b1886d69ae3bf6292c6ab17b3a7025a9fe557
c3e5a387-4a1a-4ee9-9e80-3a335d816636,HAC SSC,2025-07-25,480.50,42,qashier,d16e3cf9c0f75a172f42a00347c78c26f1fbcc228e18fd27f6538a346c2ec3b7
c3e5a387-4a1a-4ee9-9e80-3a335d816636,HAC SSC,2025-07-26,779.95,59,qashier,58200560062fce6b76fedbc1f1fb9b1a33963682b5722cc76d2d6350fb66e105
c3e5a387-4a1a-4ee9-9e80-3a335d816636,HAC SSC,2025-07-27,862.00,58,qashier,1a8d8c5e9f4afc3a538ee40c79c215603a22d9743e65aacf9990a881e29aa5c4
c3e5a387-4a1a-4ee9-9e80-3a335d816636,HAC SSC,2025-07-28,349.60,31,qashier,ea2ec27db717703562702e365920abf156648f3f9c8f519756ae858e98b18db5
c3e5a387-4a1a-4ee9-9e80-3a335d816636,HAC SSC,2025-07-29,379.30,31,qashier,b1c820c915d2d9164324b689bf2a488bb6587fa39bf38650fb4d6c376cc204cb
c3e5a387-4a1a-4ee9-9e80-3a335d816636,HAC SSC,2025-07-30,220.40,18,qashier,42ff33930d221ef31beda738702a9b3ec002c72dafdfa0dee40274a7b23f6b75
c3e5a387-4a1a-4ee9-9e80-3a335d816636,HAC SSC,2025-07-31,183.30,11,qashier,809871e8bd5a6f613a30c2b0bca374b6e2cd41f2eb833478ebfd36baff9166ea
c3e5a387-4a1a-4ee9-9e80-3a335d816636,HAC SSC,2025-08-01,478.70,35,qashier,cbb242945d9e0927864dcaa14a1b351acfe1fa186225574df04c37d26d04e0a7
c3e5a387-4a1a-4ee9-9e80-3a335d816636,HAC SSC,2025-08-02,990.65,61,qashier,6b84595224768a83af4c82832d53200b1f99cae5fbaeb8d373394e8634545325
c3e5a387-4a1a-4ee9-9e80-3a335d816636,HAC SSC,2025-08-03,1075.95,63,qashier,cb87e2d875877476e8e12969a15e415ec188b706fad53c13de55ec94d615e91c
c3e5a387-4a1a-4ee9-9e80-3a335d816636,HAC SSC,2025-08-04,517.50,37,qashier,9e915d905103737b87d9b8d3685fb2c940b1fc5d3738e43958551f400db3d315
c3e5a387-4a1a-4ee9-9e80-3a335d816636,HAC SSC,2025-08-05,297.10,25,qashier,047863f90b47858a46ee85dd000de433fee6bad09c3492b57321410f9d534ecd
c3e5a387-4a1a-4ee9-9e80-3a335d816636,HAC SSC,2025-08-06,236.70,22,qashier,83dd0cd4de1fc0cec6d601ca0cdb4aa777ada645c9f68d50e6128c77d535f842
c3e5a387-4a1a-4ee9-9e80-3a335d816636,HAC SSC,2025-08-07,469.50,34,qashier,3d79a7202593efa62adae76ccf4d45eeb34a16237534d9c602ca8a08508232d1
c3e5a387-4a1a-4ee9-9e80-3a335d816636,HAC SSC,2025-08-08,899.15,64,qashier,2319ce1faeceb4fc0ecd9666f27e78337c95526cecc3dcd6bad898f487b378a8
c3e5a387-4a1a-4ee9-9e80-3a335d816636,HAC SSC,2025-08-09,824.50,54,qashier,f67cb95f30431e113a0df0c206cf983faea05a68edadf1ab17131493f156a9df
c3e5a387-4a1a-4ee9-9e80-3a335d816636,HAC SSC,2025-08-10,823.02,59,qashier,487a598c87ff09012bfb26a474a35befa80131d04402e76846d96025452aa36f
c3e5a387-4a1a-4ee9-9e80-3a335d816636,HAC SSC,2025-08-11,409.90,35,qashier,0ce3f5a2e6b3f5cad5329d1cb5958bd3ce455a44ce372743663b008467cdb62f
c3e5a387-4a1a-4ee9-9e80-3a335d816636,HAC SSC,2025-08-12,449.10,33,qashier,7389f6a3afe5f1f44693da881d611aac7002fec81942fb6d4fd16984847def5a
c3e5a387-4a1a-4ee9-9e80-3a335d816636,HAC SSC,2025-08-13,352.10,25,qashier,2b4b9c3570e44628875babffa8d897e10599659ee2d58b53a9d87a4e27ad299d
c3e5a387-4a1a-4ee9-9e80-3a335d816636,HAC SSC,2025-08-14,433.20,29,qashier,c0a9c2b40f8f038d5f81e6991a9f528b5a5693cdb46154fb18ad70f89ec2ca0c
c3e5a387-4a1a-4ee9-9e80-3a335d816636,HAC SSC,2025-08-15,407.80,37,qashier,b4ac1d538f126a3f4b9f490b004b6c367e24d67cfcaeb8a7e13fc70189d2f254
c3e5a387-4a1a-4ee9-9e80-3a335d816636,HAC SSC,2025-08-16,858.30,72,qashier,45069ebd8800158bf42be3a028d9b2e0ac022fd64a79b02a25f578c819fa7731
c3e5a387-4a1a-4ee9-9e80-3a335d816636,HAC SSC,2025-08-17,964.50,63,qashier,39ff94bedcbabc35bd8cdb2b31511c222e7162086dd27ff6d69215039987d2e3
c3e5a387-4a1a-4ee9-9e80-3a335d816636,HAC SSC,2025-08-18,454.00,35,qashier,e7ed0bc2d586ce25a02bee8d1578974b06a2d5fdbbbabbcfde089d54e24f7bba
c3e5a387-4a1a-4ee9-9e80-3a335d816636,HAC SSC,2025-08-19,274.70,23,qashier,83718d6adf3bb1fa2f878094a5bac03ac8e1d68d4059364df6885da6a1eb9ccb
c3e5a387-4a1a-4ee9-9e80-3a335d816636,HAC SSC,2025-08-20,350.20,26,qashier,649e475b92cf5e2dd19a5786e410a60ec84fe707ea144d1e45571ba7814e5939
c3e5a387-4a1a-4ee9-9e80-3a335d816636,HAC SSC,2025-08-21,221.80,19,qashier,b82ba893c28ffe52ca3d69f49ac21fd48a2769b9dccc3e9066b3156173806889
c3e5a387-4a1a-4ee9-9e80-3a335d816636,HAC SSC,2025-08-22,647.20,46,qashier,d24bee858533b6dee7a687dcce0050147f8379fffe1513ea0d3891d5f35f2b49
c3e5a387-4a1a-4ee9-9e80-3a335d816636,HAC SSC,2025-08-23,967.50,68,qashier,2540de6541d2f250fc8c418ac3024e14fe5f6cb7200daf55e5be868759b8243d
c3e5a387-4a1a-4ee9-9e80-3a335d816636,HAC SSC,2025-08-24,872.00,55,qashier,38714acfebdf8553cb3787dafc5897e5cfc413f914f2e3072f2ad713327db7ed
c3e5a387-4a1a-4ee9-9e80-3a335d816636,HAC SSC,2025-08-25,303.80,30,qashier,e72a934f61e67996074ba27f1a5e74a3c3209b835ad17e1dcbe3177c433d159f
c3e5a387-4a1a-4ee9-9e80-3a335d816636,HAC SSC,2025-08-26,309.30,23,qashier,fd2293f0cee496583973d884806afd016dc492ed45ec77a13f1f00e86661680e
c3e5a387-4a1a-4ee9-9e80-3a335d816636,HAC SSC,2025-08-27,348.40,24,qashier,af97a213202533077899abe968812288da124d14449a458d2e73ce603c26b5ca
c3e5a387-4a1a-4ee9-9e80-3a335d816636,HAC SSC,2025-08-28,390.60,33,qashier,2ae7e7b836b3661ce9b0d23d915bd5290190017e65ead95da514b2fa93bd7492
c3e5a387-4a1a-4ee9-9e80-3a335d816636,HAC SSC,2025-08-29,600.70,45,qashier,f18959cd19c00576ea1802a0f508822e3fdb3e06844cec9c77d6d5467881d3a1
c3e5a387-4a1a-4ee9-9e80-3a335d816636,HAC SSC,2025-08-30,933.60,66,qashier,889235de914ae85f87f286dd854f7490d8872a2f6ce3f15fbea9637e2d67f4c3
c3e5a387-4a1a-4ee9-9e80-3a335d816636,HAC SSC,2025-08-31,709.05,49,qashier,ab61d66565f89690fc8f1faab7a4d7ca095c97eae00e70b481b9f8e4a86500b2
c3e5a387-4a1a-4ee9-9e80-3a335d816636,HAC SSC,2025-09-01,318.80,28,qashier,899a2333551f9b4a24a55cd2abf56fb578ac53d8627bfe94273c649175ceb7d4
c3e5a387-4a1a-4ee9-9e80-3a335d816636,HAC SSC,2025-09-02,327.50,26,qashier,ed5e0cee2135c34ad254a1712493d9cbe689dcbbaecd350e8c7740ca714038d9
c3e5a387-4a1a-4ee9-9e80-3a335d816636,HAC SSC,2025-09-03,371.90,30,qashier,69fecf4fa703e19af2e28e265faaa116d2d64b0b186d249a62cfbd6c5750aace
c3e5a387-4a1a-4ee9-9e80-3a335d816636,HAC SSC,2025-09-04,413.40,33,qashier,4dc364149e89baf66a999fc94280fc2722e0e0064d88159d5eda67785fa6efd1
c3e5a387-4a1a-4ee9-9e80-3a335d816636,HAC SSC,2025-09-05,890.92,62,qashier,67962b395a86e2fd532672382c806d49782000c8f0836baf27c3200f56516de7
c3e5a387-4a1a-4ee9-9e80-3a335d816636,HAC SSC,2025-09-06,722.80,61,qashier,636e74f51fa504fdfed55b95e659b8bad09a65c46f56f547fcd15cfa6bc684f1
c3e5a387-4a1a-4ee9-9e80-3a335d816636,HAC SSC,2025-09-07,950.95,58,qashier,35fe2b46b4531b2f340dbef9bcf6398f89691ad3d3eb6f78a86d2ec8aa922974
c3e5a387-4a1a-4ee9-9e80-3a335d816636,HAC SSC,2025-09-08,448.00,34,qashier,61ca3f37f0e0e9f500293f2b1e0a74e07f8ab5f757b0559805d43a66001556ae
c3e5a387-4a1a-4ee9-9e80-3a335d816636,HAC SSC,2025-09-09,298.60,26,qashier,44dcd50359b14ae39dd7e03f2955d9e5e8d6a9024b9660555cf89dede166a1b6
c3e5a387-4a1a-4ee9-9e80-3a335d816636,HAC SSC,2025-09-10,237.50,18,qashier,e81e6951004b1e47768e0a91b5bd0f88ee93d739290b6163b361a45386d65edf
c3e5a387-4a1a-4ee9-9e80-3a335d816636,HAC SSC,2025-09-11,165.20,19,qashier,0a925d68b73bad90ecd5cb6e01b39aca3632a305f2f4de4de8b168d100316c7a
c3e5a387-4a1a-4ee9-9e80-3a335d816636,HAC SSC,2025-09-12,549.50,48,qashier,7059f9706f4db79964d719c01010390ef1f701c5882c116f6785867284b6a2be
c3e5a387-4a1a-4ee9-9e80-3a335d816636,HAC SSC,2025-09-13,730.00,45,qashier,39c00f6d8699797e0906bc57f09b504938cd7e45a89dfdad822c44d482369d7a
c3e5a387-4a1a-4ee9-9e80-3a335d816636,HAC SSC,2025-09-14,833.10,61,qashier,cca57a93ae95e161f1ef0a7cddd09ae81d49685b480aa83ac6b70a8a5761680f
c3e5a387-4a1a-4ee9-9e80-3a335d816636,HAC SSC,2025-09-15,411.20,30,qashier,716766dc473881992fa381b390e311d846376105e19fad87c319da74a0c956ef
c3e5a387-4a1a-4ee9-9e80-3a335d816636,HAC SSC,2025-09-16,228.10,22,qashier,96a46f9bd3c4481c3ae1501e8695d2dd54bae0b51aa4b2255f406dda588313aa
c3e5a387-4a1a-4ee9-9e80-3a335d816636,HAC SSC,2025-09-17,264.30,23,qashier,d2434f110baa774e9c5f7d675ea55710f5e4b350f67c5ad70c5118a66e11eff8
c3e5a387-4a1a-4ee9-9e80-3a335d816636,HAC SSC,2025-09-18,410.45,35,qashier,53f6cab216a446d6327deb40ae3d14071b93038c4068d59fa6d8048f11fb7ad8
c3e5a387-4a1a-4ee9-9e80-3a335d816636,HAC SSC,2025-09-19,725.90,46,qashier,7fb83d5bdd5652511c0b3d41fcdc2cf388268d6c26445ffd6c8c54c747c7b646
c3e5a387-4a1a-4ee9-9e80-3a335d816636,HAC SSC,2025-09-20,751.20,67,qashier,da5cf02df3366ab127438d0c9ab1722f711c66a105895e955b211a07f5934b7b
c3e5a387-4a1a-4ee9-9e80-3a335d816636,HAC SSC,2025-09-21,858.80,68,qashier,1577406094ba879b8c4a20ce8b5764bb185b42e1d338d4b3efc4e38a9df6eeba
c3e5a387-4a1a-4ee9-9e80-3a335d816636,HAC SSC,2025-09-22,375.80,30,qashier,5b698eb8bcec50156000216fe30ef92f0973c72403ff0892c8abd7e38b07a5e8
c3e5a387-4a1a-4ee9-9e80-3a335d816636,HAC SSC,2025-09-23,246.80,22,qashier,0a0c326170979879390f2424157534fc93f5b0c52c4b8f5c414b7029b4ca2dfd
c3e5a387-4a1a-4ee9-9e80-3a335d816636,HAC SSC,2025-09-24,291.60,26,qashier,4862c62f5c1084787be9dd8cabd5f0f3a49e4a27a92efceb67ae5219566b9588
c3e5a387-4a1a-4ee9-9e80-3a335d816636,HAC SSC,2025-09-25,293.50,25,qashier,b220c78f7852ddebcbd8719fcca5c6fee6301e1648869d6bc6acf8fda6b6933c
c3e5a387-4a1a-4ee9-9e80-3a335d816636,HAC SSC,2025-09-26,400.40,35,qashier,4ecc4364d9988f276aacba2cfb048546c5d4f6acd72fcab27f193c6304958142
c3e5a387-4a1a-4ee9-9e80-3a335d816636,HAC SSC,2025-09-27,576.70,45,qashier,ea059a88bac19056ecc3115bc5257f56c6d0d5739e9506572e2a95e15edd0ca5
c3e5a387-4a1a-4ee9-9e80-3a335d816636,HAC SSC,2025-09-28,675.60,46,qashier,91ac6693d37e8470497198bf39cb0be5578525a50d07b7a581865aa18ae16e66
c3e5a387-4a1a-4ee9-9e80-3a335d816636,HAC SSC,2025-09-29,317.70,25,qashier,94530c967c4da50e3f18defc07b66afcdd9f01158e47ae1df8f6f3ea3bae4955
c3e5a387-4a1a-4ee9-9e80-3a335d816636,HAC SSC,2025-09-30,234.50,19,qashier,2b5371195791e90a91675bf69426a4100d6a2f7674ff033a510df0c92979d2ac
c3e5a387-4a1a-4ee9-9e80-3a335d816636,HAC SSC,2025-10-01,270.60,21,qashier,7e346d5b3167566ac8a6264f4eff301029b9725d7a881e6ac46254a06201bdb7
c3e5a387-4a1a-4ee9-9e80-3a335d816636,HAC SSC,2025-10-02,350.00,32,qashier,f04ade3809bc421f772bd3f2b070e13a2713796247ed8a8a38ee444faf41beb9
c3e5a387-4a1a-4ee9-9e80-3a335d816636,HAC SSC,2025-10-03,630.40,46,qashier,df2f1b3ee7fc76deb803ed85914e604b78755e1e447be79689b25c3b1a9acb06
c3e5a387-4a1a-4ee9-9e80-3a335d816636,HAC SSC,2025-10-04,643.90,39,qashier,da6a4ce1bcd24c6d120f83293cf219ab739a00c53ddc12eb4e00989468b823a3
c3e5a387-4a1a-4ee9-9e80-3a335d816636,HAC SSC,2025-10-05,534.30,41,qashier,cce212b604e264c78d20b62be1b7cc4c670765b7095188b82e1b2d02261b2657
c3e5a387-4a1a-4ee9-9e80-3a335d816636,HAC SSC,2025-10-06,224.40,19,qashier,0472672cb7236018268b52d2e5006e368af64a426559a0602f051330d6cfe4e3
c3e5a387-4a1a-4ee9-9e80-3a335d816636,HAC SSC,2025-10-07,256.70,23,qashier,8775d314e171a32e12df6d87c4b04dfa136adbfc0e560f7ee8bddb746fcf76f1
c3e5a387-4a1a-4ee9-9e80-3a335d816636,HAC SSC,2025-10-08,370.60,30,qashier,2fee4f1c13f2567855cce74de7d54a39980f9c94955f44516bb89ed7546ea1c4
c3e5a387-4a1a-4ee9-9e80-3a335d816636,HAC SSC,2025-10-09,300.80,26,qashier,70f47ff62226f50a95ce5dfa4773c43a9d47f748516df0e74c5a393bcc8d3735
c3e5a387-4a1a-4ee9-9e80-3a335d816636,HAC SSC,2025-10-10,610.95,41,qashier,8a3722bb3eba06b4f1498bda3a0ac50fb9139ad915c42e9115b2e0e813d06e0c
c3e5a387-4a1a-4ee9-9e80-3a335d816636,HAC SSC,2025-10-11,871.00,52,qashier,a753588419509723714d62456d26071d25cce0d66ae45976b05582ddf39fa081
c3e5a387-4a1a-4ee9-9e80-3a335d816636,HAC SSC,2025-10-12,793.80,59,qashier,e05204ec476c1e790a34e672796ce3d79bf89c8ad0c1ae980a40224671dd422b
c3e5a387-4a1a-4ee9-9e80-3a335d816636,HAC SSC,2025-10-13,398.90,39,qashier,21ef9ac237ad41eb33c847ea8c24840cdd3b5ec5fcfc192c04f349fec57b0071
c3e5a387-4a1a-4ee9-9e80-3a335d816636,HAC SSC,2025-10-14,304.20,28,qashier,84881a27615f3492dbb48fb5bd8ce4e150be52db7f35ed74dac8b239c0a2c065
c3e5a387-4a1a-4ee9-9e80-3a335d816636,HAC SSC,2025-10-15,378.60,35,qashier,4ed4a3119d158cb3c50069dc50a5845bbd916cafe47445a31ef63490f5b1b77a
c3e5a387-4a1a-4ee9-9e80-3a335d816636,HAC SSC,2025-10-16,202.90,21,qashier,c0bb45da238dfb687c6d34d571280f3e022b6be18e4d6219ab45e56a0ea0508c
c3e5a387-4a1a-4ee9-9e80-3a335d816636,HAC SSC,2025-10-17,575.40,51,qashier,14083e1e0252a8d2cbb2f66fa2b1e38d0305d4979cd6908751aa9b0a9c873489
c3e5a387-4a1a-4ee9-9e80-3a335d816636,HAC SSC,2025-10-18,739.50,52,qashier,ece8ad8c8d50a2c26fadbe27595a6aa4626d9ee7ffa7b5327ed52b5c6d6b3211
c3e5a387-4a1a-4ee9-9e80-3a335d816636,HAC SSC,2025-10-19,652.55,42,qashier,97a9ffb2b13334b9e1860615b53619bc15df13276a4e079fa60a804a8d2c4e6f
c3e5a387-4a1a-4ee9-9e80-3a335d816636,HAC SSC,2025-10-20,719.90,59,qashier,6d810e7c183a3a484f23a9fcc2c5edbc3a2c12f8962356220d6f26edf11af689
c3e5a387-4a1a-4ee9-9e80-3a335d816636,HAC SSC,2025-10-21,250.70,25,qashier,32c57e2fa2576c3f01922489b626bc18acba673e8c4d57709d5606bcbefa8813
c3e5a387-4a1a-4ee9-9e80-3a335d816636,HAC SSC,2025-10-22,277.30,26,qashier,1e1a8c39c41c317cb6f6ade4a3eff48448f68c6b46bfd9a4a7eb4a97013235b9
c3e5a387-4a1a-4ee9-9e80-3a335d816636,HAC SSC,2025-10-23,341.70,27,qashier,376d88a7bccee1b63668d09e4cb128252a0754b505e679835b9e1bf13bec0108
c3e5a387-4a1a-4ee9-9e80-3a335d816636,HAC SSC,2025-10-24,564.30,50,qashier,38a6ff4efedb12d591200842a4b7e7b82ce08c7bacfad8c6300649e8b37da696
c3e5a387-4a1a-4ee9-9e80-3a335d816636,HAC SSC,2025-10-25,666.00,55,qashier,abba2cfb8ab85f610663575bc54dc36e2433631f62f033845a7806e2b2209756
c3e5a387-4a1a-4ee9-9e80-3a335d816636,HAC SSC,2025-10-26,677.60,52,qashier,7fdb96765636c253d2e49619d0718a2310bfd88cf3244d7f3d5b0cc0ae80f359
c3e5a387-4a1a-4ee9-9e80-3a335d816636,HAC SSC,2025-10-27,327.80,28,qashier,3b69bee9a4d56687bf1a9f1bdc98a5ddaa0569e7ca37e13342a774b74e7b2001
c3e5a387-4a1a-4ee9-9e80-3a335d816636,HAC SSC,2025-10-28,277.60,25,qashier,0b5e1121a695e157f2b848892745225d3cf0861a310f7eb9d3a9d1064b2c8ea9
c3e5a387-4a1a-4ee9-9e80-3a335d816636,HAC SSC,2025-10-29,211.30,23,qashier,603362b94069367b772032105bc9877b20abeada4e571bc19e1e7d2bca2a2f92
c3e5a387-4a1a-4ee9-9e80-3a335d816636,HAC SSC,2025-10-30,393.90,33,qashier,f6f2b9d264a36d827255cc9ce3ecdb5a908a6adf6db5fd379597786a22a235c0
c3e5a387-4a1a-4ee9-9e80-3a335d816636,HAC SSC,2025-10-31,675.80,48,qashier,65f60592eb643cc9c010dcd593a89b2f39b14c9c6c645c1a5ee0cd032f060af9
c3e5a387-4a1a-4ee9-9e80-3a335d816636,HAC SSC,2025-11-01,789.80,58,qashier,605858b7714b65c69a6c204aeab711ebc7278dcd3c835c2f20527a03279d1e2f
c3e5a387-4a1a-4ee9-9e80-3a335d816636,HAC SSC,2025-11-02,755.80,53,qashier,7350c39e571a6ec1d7081ff301eb5afb6f33379e053c3b2fbe4710d63e26d4a1
c3e5a387-4a1a-4ee9-9e80-3a335d816636,HAC SSC,2025-11-03,353.60,30,qashier,3de7d705862450f95020ff8885ab79740d0d5c8a017b6f3ff72d1f99b3ce0040
c3e5a387-4a1a-4ee9-9e80-3a335d816636,HAC SSC,2025-11-04,226.00,16,qashier,a275d78f4dd8fbea8784703055e22d883c3805cae5541d78e6b8b49a6f6a5408
c3e5a387-4a1a-4ee9-9e80-3a335d816636,HAC SSC,2025-11-05,295.50,21,qashier,d3a285848d0e5db9b824bb293be04ed792e25d2930823ba935524fc92b7981dd
c3e5a387-4a1a-4ee9-9e80-3a335d816636,HAC SSC,2025-11-06,394.05,30,qashier,b18e59508e395488dc18e13a27749d55a0727ce3ceda651bcfc80c7cf39f8b7d
c3e5a387-4a1a-4ee9-9e80-3a335d816636,HAC SSC,2025-11-07,457.90,35,qashier,cc1082cb77336287d20c596c42573270d3bc890652d58945e500d15200610bdd
c3e5a387-4a1a-4ee9-9e80-3a335d816636,HAC SSC,2025-11-08,1030.50,67,qashier,2a41573d09aa824166665e2aa1899536603b7a48b7818c36d590580956d1d992
c3e5a387-4a1a-4ee9-9e80-3a335d816636,HAC SSC,2025-11-09,800.40,66,qashier,12efae760c95766f210763ed94d804e088b30b92f150ebe5bc77fca0800c730c
c3e5a387-4a1a-4ee9-9e80-3a335d816636,HAC SSC,2025-11-10,437.80,32,qashier,84a0033de07d32e421a85e0602a24286a803e254761306ea1abce835f0c89be5
c3e5a387-4a1a-4ee9-9e80-3a335d816636,HAC SSC,2025-11-11,182.65,18,qashier,95773fd3ecd93e9906d2a4ff1fe12f97ab39e30b528b1cead2ac55dc61c05873
c3e5a387-4a1a-4ee9-9e80-3a335d816636,HAC SSC,2025-11-12,413.40,27,qashier,ee89b5e7b36aa13efdfac995eea36ac506d2b458be987cb4f9d042dc80e8351c
c3e5a387-4a1a-4ee9-9e80-3a335d816636,HAC SSC,2025-11-13,295.50,26,qashier,c05ded237fac40416674ea4f3fdcb21d403c4d91f6f51262bf39e13b6dc99b2f
c3e5a387-4a1a-4ee9-9e80-3a335d816636,HAC SSC,2025-11-14,466.40,32,qashier,d79efee6a3246e2aabae9d05f5edf7fd569f8c62c4662ad9967b5345d3685e7c
c3e5a387-4a1a-4ee9-9e80-3a335d816636,HAC SSC,2025-11-15,712.80,52,qashier,e5dd1537b83e6d6d25cdae6bbe7abef675b42fe298fbe77561d960804465dea2
c3e5a387-4a1a-4ee9-9e80-3a335d816636,HAC SSC,2025-11-16,658.90,53,qashier,26ab210e98daf34791eaaf508f2ef8935f9c65251df81579dad6efc528d7e94e
c3e5a387-4a1a-4ee9-9e80-3a335d816636,HAC SSC,2025-11-17,152.60,16,qashier,10da82ea8cbded9adb5a8867ad0355e842f50c99d2e9aecd30df48638cd6533b
c3e5a387-4a1a-4ee9-9e80-3a335d816636,HAC SSC,2025-11-18,237.50,17,qashier,bc97bd14dd15fe9fe1211c3c11e1ad3284e159aea9686edb3e8bc1afd24afbe4
c3e5a387-4a1a-4ee9-9e80-3a335d816636,HAC SSC,2025-11-19,478.80,41,qashier,f9c6fabc2884b38f949510a815b7a4a9b33fd42037560ad47619db8dc240fdd8
c3e5a387-4a1a-4ee9-9e80-3a335d816636,HAC SSC,2025-11-20,358.60,27,qashier,c8fff337f7e97832e63f563dc10b1c9d49a89c3c63755bf46d117d28fe77d6d9
c3e5a387-4a1a-4ee9-9e80-3a335d816636,HAC SSC,2025-11-21,367.10,30,qashier,983ae801d287689d3e00a4b99137c26b6fd6426a073cab7ccae7fffe39a9cca0
c3e5a387-4a1a-4ee9-9e80-3a335d816636,HAC SSC,2025-11-22,722.30,54,qashier,f4a24450977b8565866c42b14750681ea0a12ac09887cccb763371abe249c60a
c3e5a387-4a1a-4ee9-9e80-3a335d816636,HAC SSC,2025-11-23,1034.45,68,qashier,0b13047ae154a1802b524e7338dfe15ed206e0bdd2b6ae61f7aea96c6788e27c
c3e5a387-4a1a-4ee9-9e80-3a335d816636,HAC SSC,2025-11-24,236.80,23,qashier,096a67e81be8fc07dc4e3ba6b8f7a7fa5ad04c3c7f0661cc5e764147d1ff9d55
c3e5a387-4a1a-4ee9-9e80-3a335d816636,HAC SSC,2025-11-25,341.90,24,qashier,c026ceaf18762d1450222b9be68ab535aa45247522fb24d8b362586528873ff8
c3e5a387-4a1a-4ee9-9e80-3a335d816636,HAC SSC,2025-11-26,199.30,12,qashier,d62e5a25158a59e4e06ca39a6dec5302f2b37b07bc69a6de68e7454adb70480d
c3e5a387-4a1a-4ee9-9e80-3a335d816636,HAC SSC,2025-11-27,355.80,29,qashier,772667128ab3c4757e01e945669c245edf537bd249c957a95761aedbeaff9533
c3e5a387-4a1a-4ee9-9e80-3a335d816636,HAC SSC,2025-11-28,266.10,19,qashier,cc38a8d3d5b7052d9d2345ca4c48837c1424b476107943f20f8a775f90cec945
c3e5a387-4a1a-4ee9-9e80-3a335d816636,HAC SSC,2025-11-29,806.80,57,qashier,61d3882e8971c8f01a7aa440353f24c0bc6829779bfbc4510f677d113f4116ca
c3e5a387-4a1a-4ee9-9e80-3a335d816636,HAC SSC,2025-11-30,825.60,57,qashier,a9be8b916fd22be97c35c135db4de0ea01144fcd8275c16a3d570abb6baab253
c3e5a387-4a1a-4ee9-9e80-3a335d816636,HAC SSC,2025-12-01,489.90,38,qashier,3ef08281ee942b71133cc54150cfbb8b2b216073d02b2f91b136fa3499acf2b8
c3e5a387-4a1a-4ee9-9e80-3a335d816636,HAC SSC,2025-12-02,262.20,19,qashier,4a0d9cee94a3596d3d6d375a12e4bc9b15f1a889df11e3c80540297a1136c743
c3e5a387-4a1a-4ee9-9e80-3a335d816636,HAC SSC,2025-12-03,273.10,23,qashier,5d8081cf74c9dc058e1787cb3e3953e3ed9a0923ad3fa2714abbf4df75b4ce64
c3e5a387-4a1a-4ee9-9e80-3a335d816636,HAC SSC,2025-12-04,350.80,24,qashier,087181f871607794ecf0ed5d5d711f34a23fe98f1c922039017dc357899f774c
c3e5a387-4a1a-4ee9-9e80-3a335d816636,HAC SSC,2025-12-05,510.10,44,qashier,1cefeeeae53db3d0c9060d5d0e4f368a1ad8342a857b8a44f0f11e77960516d8
c3e5a387-4a1a-4ee9-9e80-3a335d816636,HAC SSC,2025-12-06,596.90,42,qashier,f7602533f949d1d2ee85a2d554ef0b5a5ee3b6aed64ff2cf387fccfac685b262
c3e5a387-4a1a-4ee9-9e80-3a335d816636,HAC SSC,2025-12-07,720.80,54,qashier,2ff56ba82b6bd38e6fe77e0466b056c7bac82c99d7ad9725fe92e7cc8ef20f81
c3e5a387-4a1a-4ee9-9e80-3a335d816636,HAC SSC,2025-12-08,362.10,35,qashier,9479948ddd6d7eb504cf4d3b4a702dd72c1a992dae8e09fbb19146196d8dc199
c3e5a387-4a1a-4ee9-9e80-3a335d816636,HAC SSC,2025-12-09,258.10,20,qashier,47efa79d4137b0251ad9618ee90b21dc013ef2d27e6204ce40e60f40ac61e9bb
c3e5a387-4a1a-4ee9-9e80-3a335d816636,HAC SSC,2025-12-10,343.70,28,qashier,769f2c1588db82a7178ca4a40286c65f85c5315316898c80e0c51037fde241a1
c3e5a387-4a1a-4ee9-9e80-3a335d816636,HAC SSC,2025-12-11,280.60,24,qashier,6aad40d9eb78abcd6b0fa8b8ac0a4f8b55f87820ac8e8467dbcd130b1b1d6840
c3e5a387-4a1a-4ee9-9e80-3a335d816636,HAC SSC,2025-12-12,445.40,25,qashier,046da63026006fe7608335a5979d9e0f1ade3821fd14c26f04506e549c2a6e3f
c3e5a387-4a1a-4ee9-9e80-3a335d816636,HAC SSC,2025-12-13,695.90,50,qashier,866da194cdd4cbb69d34f5f641a558a42204186d1f3c31e1f871eecaf623a184
c3e5a387-4a1a-4ee9-9e80-3a335d816636,HAC SSC,2025-12-14,526.00,40,qashier,ff9a47734a7045ced15411e7480a9826ee72171b2888aa0c13dab628ce7ef267
c3e5a387-4a1a-4ee9-9e80-3a335d816636,HAC SSC,2025-12-15,313.10,28,qashier,65e6864217dc1f830415d70b2e5696535c3921cead79d1e2902a9cdb2ac1aade
c3e5a387-4a1a-4ee9-9e80-3a335d816636,HAC SSC,2025-12-16,316.65,24,qashier,e483929e612612d7af0c35e6e512c20f9d6b1bc4123a5579c1e8c7146a370068
c3e5a387-4a1a-4ee9-9e80-3a335d816636,HAC SSC,2025-12-17,264.50,23,qashier,3a142ae8b431a11daa980e6049039c3d4c1537780d2d8cbbf9caf07a8206532d
c3e5a387-4a1a-4ee9-9e80-3a335d816636,HAC SSC,2025-12-18,355.30,30,qashier,bc9d70abb31dd3a1ab524e9897008432170a74e2bcd18c7426231c4068242e2c
c3e5a387-4a1a-4ee9-9e80-3a335d816636,HAC SSC,2025-12-19,458.15,40,qashier,1faabc7b6f562010482cc0b75d2ce5d8b4fb21e11a08cc4ebff5237aa0b67795
c3e5a387-4a1a-4ee9-9e80-3a335d816636,HAC SSC,2025-12-20,518.00,38,qashier,8bf129837b4fde69f48ff4d9ced6acddc11f2ec3c427393a5d65b8b30d96ad48
c3e5a387-4a1a-4ee9-9e80-3a335d816636,HAC SSC,2025-12-21,452.60,34,qashier,8bec031cbeece8a6302a03ce7f44979e4ec01696b756b51bdc9682f01c57bed7
c3e5a387-4a1a-4ee9-9e80-3a335d816636,HAC SSC,2025-12-22,470.20,39,qashier,7e6a7373cb9a4600160c172a61e042e42c7f6ea50b6ad8747eb038137fa1d5b1
c3e5a387-4a1a-4ee9-9e80-3a335d816636,HAC SSC,2025-12-23,302.40,28,qashier,403ef94db23d8940004df483251a8eb4b2f96969d39fd81f8547a3b23b0b4953
c3e5a387-4a1a-4ee9-9e80-3a335d816636,HAC SSC,2025-12-24,863.60,58,qashier,acd63f47131aa7ae4f3749b163e1fe4e00b97c55f6a325cc34c66947b793dbc9
c3e5a387-4a1a-4ee9-9e80-3a335d816636,HAC SSC,2025-12-25,700.90,48,qashier,19541e3aa3a6f89797f9b859af6594cd29c62275ef62e709216088286e1009f3
c3e5a387-4a1a-4ee9-9e80-3a335d816636,HAC SSC,2025-12-26,623.50,43,qashier,c4640dab7a31cae57f9cc7c831ce49c5598ed5e074b87db72f111ff65d482368
c3e5a387-4a1a-4ee9-9e80-3a335d816636,HAC SSC,2025-12-27,603.80,47,qashier,6cf0a585abbd57416d381b12c6d54991432e806c1d4d88e5f76e24741cf88018
c3e5a387-4a1a-4ee9-9e80-3a335d816636,HAC SSC,2025-12-28,597.05,39,qashier,d03e5137a5ce0deb9d1831ea5ffb361aabacc5a4bdbbd4915d236e315ff59155
c3e5a387-4a1a-4ee9-9e80-3a335d816636,HAC SSC,2025-12-29,435.20,34,qashier,b5f2d7dd9cbbf6f8eaacd1495ba3bfad27d5af2888f2d38f78347559718fc630
c3e5a387-4a1a-4ee9-9e80-3a335d816636,HAC SSC,2025-12-30,454.45,33,qashier,005aecb22ae05bf8977b5414cdbe3229300f993960cb0860c8080afc8194b1db
c3e5a387-4a1a-4ee9-9e80-3a335d816636,HAC SSC,2025-12-31,804.40,65,qashier,d0a0914382d122c562c4db25ce6bf864117c6430f4aaeca6d1c92e366dc39bc7
c3e5a387-4a1a-4ee9-9e80-3a335d816636,HAC SSC,2026-01-01,1105.40,75,qashier,62bb10346c2c6dcfdb37466eb69b2e8d94982a1d3a533290908749c835a2eb2f
c3e5a387-4a1a-4ee9-9e80-3a335d816636,HAC SSC,2026-01-02,513.25,38,qashier,396b4a6c15b522648a006d049a936c2ac1c8ecb744c7821a58689bf079923e98
c3e5a387-4a1a-4ee9-9e80-3a335d816636,HAC SSC,2026-01-03,836.30,56,qashier,b14cfced115d5dc6c76f338619d2cef1f3b90b51339f19cb9501bbdb8e66770f
c3e5a387-4a1a-4ee9-9e80-3a335d816636,HAC SSC,2026-01-04,762.25,54,qashier,8090836eeea586910a1c03993410f78e31f1489b04f4db6d83d27c248ff1d8c1
c3e5a387-4a1a-4ee9-9e80-3a335d816636,HAC SSC,2026-01-05,310.40,27,qashier,00f745cd26fb03bddd49e6e06f2addd187376e52c58a69c097b14b8f7a8e63c2
c3e5a387-4a1a-4ee9-9e80-3a335d816636,HAC SSC,2026-01-06,156.00,14,qashier,e8fa0d5e789a8e5e4ae954a2f18037d9d6524afba280b57a37605cc0ca876b86
c3e5a387-4a1a-4ee9-9e80-3a335d816636,HAC SSC,2026-01-07,170.20,15,qashier,e278e6d37a26a68d943a0840ac0e19185487763320240d2bf211b37ff77ef325
c3e5a387-4a1a-4ee9-9e80-3a335d816636,HAC SSC,2026-01-08,375.60,26,qashier,bcfe464d9d566237dd6251fd90c6c9cb24d926bb01369f00284701fd0e867501
c3e5a387-4a1a-4ee9-9e80-3a335d816636,HAC SSC,2026-01-09,416.10,33,qashier,8b599333abecbb590b95dc9ea3732048da75f5db033a62e79da5eee2f6756e62
c3e5a387-4a1a-4ee9-9e80-3a335d816636,HAC SSC,2026-01-10,1027.20,68,qashier,4a4b0e450549e1719894cbaa29da081db5d1ef854642df07948c5aab01b1066e
c3e5a387-4a1a-4ee9-9e80-3a335d816636,HAC SSC,2026-01-11,1069.85,76,qashier,eb78aff1dd7887cc860630c6d5fd3c9962141d30273cd061ccf214eea92b6b2b
c3e5a387-4a1a-4ee9-9e80-3a335d816636,HAC SSC,2026-01-12,223.60,17,qashier,813ff9bed3578fcb13fbe1513e8652f642074f30e0e67dce1f33d5d128c2cc51
c3e5a387-4a1a-4ee9-9e80-3a335d816636,HAC SSC,2026-01-13,349.10,24,qashier,57030c600e29c79baa935219c6bd9317e8d1a08681fef22c5433b99a3e4f8763
c3e5a387-4a1a-4ee9-9e80-3a335d816636,HAC SSC,2026-01-14,339.70,23,qashier,929f4a4822700435ce9f0f0c4789654ef57c25c68bf68c416cac21b0374ba5f0
c3e5a387-4a1a-4ee9-9e80-3a335d816636,HAC SSC,2026-01-15,199.20,15,qashier,31a2bb4824672703bff9c8e2a8daae04309b58bf0c9755978e3414ae2a832e23
c3e5a387-4a1a-4ee9-9e80-3a335d816636,HAC SSC,2026-01-16,549.00,48,qashier,813c69484ef7daa4c6892143d3b2c57c2311fe583145c73df0d94bdd1d39b852
c3e5a387-4a1a-4ee9-9e80-3a335d816636,HAC SSC,2026-01-17,775.50,63,qashier,39b0a27c91bcdf9e3dc30eb3898b77a761c32cd4d15c5f4d9c7de241920c778e
c3e5a387-4a1a-4ee9-9e80-3a335d816636,HAC SSC,2026-01-18,817.90,64,qashier,500dcb2c3c96e8b148a27067949c3f7dff7842b77a2a5706f1b840b8962ac2d9
c3e5a387-4a1a-4ee9-9e80-3a335d816636,HAC SSC,2026-01-19,327.80,26,qashier,ac263327364cc52c84df3bbfd756e5102bf78204b7f28dc6f6e5481fa2ab1c95
c3e5a387-4a1a-4ee9-9e80-3a335d816636,HAC SSC,2026-01-20,374.80,24,qashier,dac64786baa02e412dcaab32f49dd4ff2c17b9c9fd63ac64decea24b3459cf9c
c3e5a387-4a1a-4ee9-9e80-3a335d816636,HAC SSC,2026-01-21,225.60,20,qashier,295a51ee9d931e1fbe1ad07f8d04e496bb4c9bb2c939cb5eb85f98be0ad83e7f
c3e5a387-4a1a-4ee9-9e80-3a335d816636,HAC SSC,2026-01-22,322.90,25,qashier,99064281f33849e0e13bf219dbd3d0d3fcac5a4345c452d4f1809816f2f11c2b
c3e5a387-4a1a-4ee9-9e80-3a335d816636,HAC SSC,2026-01-23,375.30,31,qashier,4750868dbd39e081ac7b13fd7302cc9ce32d2c67c13713e93700532ae88c79c7
c3e5a387-4a1a-4ee9-9e80-3a335d816636,HAC SSC,2026-01-24,514.00,36,qashier,a4d1b4c54d356efe52f512533890de94b621e4aa9b4436f63d1940daaa8f0064
c3e5a387-4a1a-4ee9-9e80-3a335d816636,HAC SSC,2026-01-25,917.65,63,qashier,f68e02014ccd03f9b4ad85a1d186f953b381e8b9785c5e4fd315e88858ae2311
c3e5a387-4a1a-4ee9-9e80-3a335d816636,HAC SSC,2026-01-26,190.30,14,qashier,5281ce047c4cef0c751b1bbbe8bd4f5a1e4d5d5a7dc02be6c86bdac2a70dd8b1
c3e5a387-4a1a-4ee9-9e80-3a335d816636,HAC SSC,2026-01-27,149.30,12,qashier,d981d6865a16f7ed1d5a25365ee4d3d6fe7ca2f911b22470a42ebfea5dd7346a
c3e5a387-4a1a-4ee9-9e80-3a335d816636,HAC SSC,2026-01-28,245.60,22,qashier,712ee5389822cde0026d6d4f5804364d49b0c85b973233ad76ed38546d551a1d
c3e5a387-4a1a-4ee9-9e80-3a335d816636,HAC SSC,2026-01-29,214.80,20,qashier,7d941e1d10c0861b5ea8ce8a824e22d1bb9bdf612ea7311a458c7da61b52b0b5
c3e5a387-4a1a-4ee9-9e80-3a335d816636,HAC SSC,2026-01-30,572.00,46,qashier,5727cd41d5683fe84c3165732fe022fe8120063712d7abe1c40b7550076cc695
c3e5a387-4a1a-4ee9-9e80-3a335d816636,HAC SSC,2026-01-31,582.50,38,qashier,18b0ca6473f7e2c05a98449d70e8055cca9c7e097039dbac3745901662f6bf71
c3e5a387-4a1a-4ee9-9e80-3a335d816636,HAC SSC,2026-02-01,888.83,64,qashier,3f6813cb6b2750ad9b48fed3cdfce3393908d9ec68e47c20e0a8ccd1b76fa949
c3e5a387-4a1a-4ee9-9e80-3a335d816636,HAC SSC,2026-02-02,291.30,28,qashier,61e6d373a9b3de40c89550970d962e27ad0bf2789ec3539e2060d9e13c5f7457
c3e5a387-4a1a-4ee9-9e80-3a335d816636,HAC SSC,2026-02-03,313.60,26,qashier,f2c21f344363dc9c37fc32a2b69bf56dc8bdef0847c7b62b6c73568a16f1b390
c3e5a387-4a1a-4ee9-9e80-3a335d816636,HAC SSC,2026-02-05,204.40,19,qashier,e0e9faa646f752698d364695968a5e433291ef0d35bc638e93b9fc053f1d6da8
c3e5a387-4a1a-4ee9-9e80-3a335d816636,HAC SSC,2026-02-06,409.10,33,qashier,d3610a08cf3d83c9a98e62b0e0da764bce0bcd122c17022eddae6e3c3dd8f0ea
c3e5a387-4a1a-4ee9-9e80-3a335d816636,HAC SSC,2026-02-07,506.00,35,qashier,3a7c74481a32be8de90ead1da1e009a34ea7514fad1eeda16f190d16996e3624
c3e5a387-4a1a-4ee9-9e80-3a335d816636,HAC SSC,2026-02-08,618.10,41,qashier,e364e2983c558d1c04ea05c43293b777ad0a1fa5b0542d799f3a9f3a30d62b7e
c3e5a387-4a1a-4ee9-9e80-3a335d816636,HAC SSC,2026-02-09,282.70,24,qashier,fceec0decca9e7a653142b3d31cd4f7a7e1cf32fe7b59eeb2576d44a7c8f96dd
c3e5a387-4a1a-4ee9-9e80-3a335d816636,HAC SSC,2026-02-10,210.60,16,qashier,5ff081938f8296e75de75c950ed77a9f74f9965509f54531ed336afcd964d850
c3e5a387-4a1a-4ee9-9e80-3a335d816636,HAC SSC,2026-02-11,303.30,24,qashier,9c99115b8d06d09cd97b0da2a9e25ecda9e6bd3a384810380027585e16e52063
c3e5a387-4a1a-4ee9-9e80-3a335d816636,HAC SSC,2026-02-12,152.50,13,qashier,9bbfcda5f686b5fb399b6bb596ce4e2efd1e0a0e21ea4310065e6823779267d5
c3e5a387-4a1a-4ee9-9e80-3a335d816636,HAC SSC,2026-02-13,424.50,26,qashier,2f34c98e86669926749ab7dc046d4c1def78e2e9e31d646091b9354eea120d91
c3e5a387-4a1a-4ee9-9e80-3a335d816636,HAC SSC,2026-02-14,796.20,61,qashier,336a1919ce400da5cc3b6af9b283e265255c84b2efd0bfde88acd198b43cc239
c3e5a387-4a1a-4ee9-9e80-3a335d816636,HAC SSC,2026-02-15,675.30,53,qashier,ee22334d50c268698fef406def450634e14859ae09b6cde1050fe04608aabfb3
c3e5a387-4a1a-4ee9-9e80-3a335d816636,HAC SSC,2026-02-16,0.00,0,qashier,3eebe0b07f12bd210010297a1ee509f6a43d70216bbd58c3fce134acd5489981
c3e5a387-4a1a-4ee9-9e80-3a335d816636,HAC SSC,2026-02-17,0.00,0,qashier,93071a90102a1274fa3a85df1643525ab4378f7224b0b5cc64cc6347aaf4a2b1
c3e5a387-4a1a-4ee9-9e80-3a335d816636,HAC SSC,2026-02-18,0.00,0,qashier,c4bb04ee73365aed41972a64ca71734d38dcd0b1ae028103eea8ff285d21da85
c3e5a387-4a1a-4ee9-9e80-3a335d816636,HAC SSC,2026-02-19,316.10,25,qashier,43fd791c7d44787f013c117f11a9a37a6d25306449a480154370759aa67f0e51
c3e5a387-4a1a-4ee9-9e80-3a335d816636,HAC SSC,2026-02-20,409.30,39,qashier,1994cfc567d9a1f45a26b937f875a0168e080fe78b8fcbf0e380c2d4e54f5797
c3e5a387-4a1a-4ee9-9e80-3a335d816636,HAC SSC,2026-02-21,700.90,51,qashier,d76b2d501b0f4c67a2fc7eafe54e2e6330ce55f9ab4c8f7d66333fa8c496b1d6
c3e5a387-4a1a-4ee9-9e80-3a335d816636,HAC SSC,2026-02-22,622.96,43,qashier,323b370a14b73b7a016bb857b33c8292ee1217f20a4191b216f190f582be8ba1
c3e5a387-4a1a-4ee9-9e80-3a335d816636,HAC SSC,2026-02-23,146.70,16,qashier,03080bd56abc3ceb613b8cec3dffe9e79a12ec3653590561c8657e056675ae55
c3e5a387-4a1a-4ee9-9e80-3a335d816636,HAC SSC,2026-02-24,176.80,16,qashier,58db8976c9d2fcf0a0ad8b8ef0ba504fc91e1d8154cedb6dd277d41567c320a9
c3e5a387-4a1a-4ee9-9e80-3a335d816636,HAC SSC,2026-02-25,273.30,22,qashier,752dc52391278cfa8c32b931b8e670dc7661aaf0a32b8ed23f86f0bfa4e51f4c
c3e5a387-4a1a-4ee9-9e80-3a335d816636,HAC SSC,2026-02-26,329.20,24,qashier,ca02088a477ae92ddb329775f205097385fa5dc82a7a782d589c459b2fa28c62
c3e5a387-4a1a-4ee9-9e80-3a335d816636,HAC SSC,2026-02-27,598.50,38,qashier,57c7b1f42c5a90c80e1d0b87ca77b3258f09f0ca13b518f0a091ab5b98fcea5c
c3e5a387-4a1a-4ee9-9e80-3a335d816636,HAC SSC,2026-02-28,535.50,38,qashier,606189dafbe6ddfba5852c2ec3ea1b16e46c9b7c58dffd08a541d6ae2bd75cb9
c3e5a387-4a1a-4ee9-9e80-3a335d816636,HAC SSC,2026-03-01,668.90,57,qashier,b87d0b07f9b59008fdec7b13820373b70dabfe05f9fba2a959c52cc1af611922
c3e5a387-4a1a-4ee9-9e80-3a335d816636,HAC SSC,2026-03-02,361.40,27,qashier,cf84b0a2a9d12cf9472735550bc081cbbb8c7ebc9ada9194a486eca85e682119
c3e5a387-4a1a-4ee9-9e80-3a335d816636,HAC SSC,2026-03-03,327.60,23,qashier,615e777cf48f2dc7468a871e5e4d920369293eff19c0405c9998202dac25dbb6
c3e5a387-4a1a-4ee9-9e80-3a335d816636,HAC SSC,2026-03-05,183.60,17,qashier,53cd7dde4d016a3807b6cffa1efea4640e52058f11208d9ce6b9c0b36814b23a
c3e5a387-4a1a-4ee9-9e80-3a335d816636,HAC SSC,2026-03-06,672.80,55,qashier,de827cac29beaba1c6065074882ff8ca6f08609578f5c5c8702d7caa7177210c
c3e5a387-4a1a-4ee9-9e80-3a335d816636,HAC SSC,2026-03-07,560.20,44,qashier,e93baac32b62be3c2b6f90be98a36fac4fcc0e584d0b57104f687ac1cd92e45d
c3e5a387-4a1a-4ee9-9e80-3a335d816636,HAC SSC,2026-03-08,736.30,55,qashier,6cf3b185d91ca5b9a2f38ece3dd8563da0b1f1e9b43cf7a0e88addf70ab599d5
c3e5a387-4a1a-4ee9-9e80-3a335d816636,HAC SSC,2026-03-09,279.40,26,qashier,33718bdc88468df322318450127912d66f1686d10d8ec6f39e5c5df835d71583
c3e5a387-4a1a-4ee9-9e80-3a335d816636,HAC SSC,2026-03-10,234.80,20,qashier,34c7f83eee90265e65ae15d6114637bf413f5157b2c87b05053d94e98b4d419c
c3e5a387-4a1a-4ee9-9e80-3a335d816636,HAC SSC,2026-03-11,189.50,15,qashier,2aefa9f108ab33f62fe188edcdd1182b6a8a4df14f93392f27ce62978eb3e929
c3e5a387-4a1a-4ee9-9e80-3a335d816636,HAC SSC,2026-03-12,288.50,25,qashier,5e21b77f91114364e82b9201fe1b4504e087600ca4b7f2c67beac6c4a38b12e8
c3e5a387-4a1a-4ee9-9e80-3a335d816636,HAC SSC,2026-03-13,333.85,23,qashier,ad838772ad0484da02a284d378199c78a94dda814173b325fc55e7cfd3f9ff29
c3e5a387-4a1a-4ee9-9e80-3a335d816636,HAC SSC,2026-03-14,963.50,75,qashier,6ab96f3e38c546f73ca7a15ae7532b37440a8cf278d6fe2fdc9d4840b953f805
c3e5a387-4a1a-4ee9-9e80-3a335d816636,HAC SSC,2026-03-15,648.50,56,qashier,2cadd8ad0302bc94a1d1799f26bea935b0eefd81df40c769bbed830b72097fe7
c3e5a387-4a1a-4ee9-9e80-3a335d816636,HAC SSC,2026-03-16,319.40,30,qashier,cb4c48964f4af862173f663278897d3e1046610b0fe45d03e5f30b9111768922
c3e5a387-4a1a-4ee9-9e80-3a335d816636,HAC SSC,2026-03-17,384.50,28,qashier,31b10f5a745e3d812561b3b93d49937bd79756bc69b6aa4857c2cdd13c9f8b66
c3e5a387-4a1a-4ee9-9e80-3a335d816636,HAC SSC,2026-03-18,273.60,21,qashier,ddd4cc6dcad87c4b788e2d040784598c420413b489d3dea8bd29a6e6f11d2381
c3e5a387-4a1a-4ee9-9e80-3a335d816636,HAC SSC,2026-03-19,394.20,30,qashier,801ad25ec36adda09e55cd32e893ab0306872418a4c5353372e99071101dcd1f
c3e5a387-4a1a-4ee9-9e80-3a335d816636,HAC SSC,2026-03-20,814.30,62,qashier,7238f21b15eee0919e70b0841c1b98d0d279bf08eeb6cbf8dc0148d0612cb8f6
c3e5a387-4a1a-4ee9-9e80-3a335d816636,HAC SSC,2026-03-21,1011.00,71,qashier,815d66389a2f7ea450ccf85c5abced4ff6c2d9ff98d85f700f1da7bb9e58c447
c3e5a387-4a1a-4ee9-9e80-3a335d816636,HAC SSC,2026-03-22,843.60,63,qashier,d6619c3c508c7e60903126d03ee5183c0484619f19b531f3f4c8dfe30f92fbec
c3e5a387-4a1a-4ee9-9e80-3a335d816636,HAC SSC,2026-03-23,354.30,29,qashier,a4bc6f1d0462365002c00e979f56c37fa56cf95f8d2c2a93a6470539623fe702
c3e5a387-4a1a-4ee9-9e80-3a335d816636,HAC SSC,2026-03-24,328.90,26,qashier,baf134ed2a09ad843cfb3b24c84a0f40b736be1667ab431ea0a99af056017f7c
c3e5a387-4a1a-4ee9-9e80-3a335d816636,HAC SSC,2026-03-25,236.80,21,qashier,94ffcc2ceb7148e3c472d73ab0f6f63ef096317b291b2973d57c17b4756014a3
c3e5a387-4a1a-4ee9-9e80-3a335d816636,HAC SSC,2026-03-26,335.00,22,qashier,946c2f3f1e1e1008c244548641a754a15e6b94f6426bf09441f4e57a85816718
c3e5a387-4a1a-4ee9-9e80-3a335d816636,HAC SSC,2026-03-27,550.60,45,qashier,67e2278cd712f3c91ac447d6cf168eb43db54fa5e902cca33f81e0656e11f916
c3e5a387-4a1a-4ee9-9e80-3a335d816636,HAC SSC,2026-03-28,880.90,53,qashier,3216c4316a705f138f6198a343c58d53f801dde2e66037ae03eaaa9992f8c42d
c3e5a387-4a1a-4ee9-9e80-3a335d816636,HAC SSC,2026-03-29,952.20,73,qashier,292af90181aa2f727f504ef77aa93f32897d79bc5f8bedf3edbb2943604bf8c9
c3e5a387-4a1a-4ee9-9e80-3a335d816636,HAC SSC,2026-03-30,323.98,27,qashier,c78786122a8e5dff804147fc1a16c2aab2aebaa5aa1edc9420ed90f7aaa98816
c3e5a387-4a1a-4ee9-9e80-3a335d816636,HAC SSC,2026-03-31,273.70,21,qashier,e9166dedfe5dd98f533e3109c076fad8071726c870939f56f65c5c1c96a12bda
c3e5a387-4a1a-4ee9-9e80-3a335d816636,HAC SSC,2026-04-01,259.90,20,qashier,ade8b5f81a99153349d0272c34d85ec6ffa3a4af6bdc5408f0fb1c43f5340f07
c3e5a387-4a1a-4ee9-9e80-3a335d816636,HAC SSC,2026-04-02,484.90,36,qashier,812411c2144f2ecc0a0c3bcff8019d56a0e1eb942d6c17941afdd10524080b7a
c3e5a387-4a1a-4ee9-9e80-3a335d816636,HAC SSC,2026-04-03,921.80,72,qashier,349e0a683d8ac3d62cbe3353c698ee75072e2ab80ba5d95b06916d5b940a911a
c3e5a387-4a1a-4ee9-9e80-3a335d816636,HAC SSC,2026-04-05,646.30,48,qashier,3e017f7e14054fe09185929a6e9272901514e76484ba5bd27038fd8e268f619c
c3e5a387-4a1a-4ee9-9e80-3a335d816636,HAC SSC,2026-04-06,176.80,15,qashier,27c26ff05253b844e997b12c713d9b271f0a95ca8248f240b4349d7dc30dcc61
c3e5a387-4a1a-4ee9-9e80-3a335d816636,HAC SSC,2026-04-07,286.50,22,qashier,e68edb1a38d917701e2ee97b1a9273d775d9bb0dad0fbd1b7b76f5c08841642a
c3e5a387-4a1a-4ee9-9e80-3a335d816636,HAC SSC,2026-04-08,322.70,26,qashier,906bf3c5a235481e1cde1d5f69387ce453e33746cd465553ff3cb76c4040bf46
c3e5a387-4a1a-4ee9-9e80-3a335d816636,HAC SSC,2026-04-09,400.00,31,qashier,86ad11e50596ce601dca036b94aebeefdead8f32946d7960b80c96183c45ecda
c3e5a387-4a1a-4ee9-9e80-3a335d816636,HAC SSC,2026-04-10,542.95,42,qashier,fd34d9c345fc622792c266b85f9eca0872e380ca4f14701c1fa047210d5bcbd5
c3e5a387-4a1a-4ee9-9e80-3a335d816636,HAC SSC,2026-04-11,662.90,53,qashier,cedbbdddf5ee833dee497c9b80bc6892fd6a770022aca23e990deea254f223a5
c3e5a387-4a1a-4ee9-9e80-3a335d816636,HAC SSC,2026-04-12,669.90,43,qashier,5d15b1bd15e32b1256bbb9946f72531bae8efabc6a9250a839d8e6a3b6893f60
c3e5a387-4a1a-4ee9-9e80-3a335d816636,HAC SSC,2026-04-13,236.90,18,qashier,627687be5f0b8268caba04755acb45cc77992314fcf9c540c7d129b4701a52c0
c3e5a387-4a1a-4ee9-9e80-3a335d816636,HAC SSC,2026-04-14,194.20,16,qashier,c255e9d0564a3258453aa9959246bb0fdbb7152b0a4f7cc3f92525724766fab8
c3e5a387-4a1a-4ee9-9e80-3a335d816636,HAC SSC,2026-04-15,215.20,20,qashier,40dd640087f43407501f08264c719cd8187b6450693eeeb38a060b7e53697595
c3e5a387-4a1a-4ee9-9e80-3a335d816636,HAC SSC,2026-04-16,272.70,23,qashier,18454920fda43a8616ae198ea0ff7842cd8227067910bf1bcd9227c408828db1
c3e5a387-4a1a-4ee9-9e80-3a335d816636,HAC SSC,2026-04-17,436.50,39,qashier,dad3cae78b8cf4652b96a8957b47862fdfaf6975e20ce71ffd00c18b019237b3
c3e5a387-4a1a-4ee9-9e80-3a335d816636,HAC SSC,2026-04-18,810.20,56,qashier,ac0b210653bed8bcfcf2d608e082cb4ac6fb83dc56248b8b6c89daba2ff6e929
c3e5a387-4a1a-4ee9-9e80-3a335d816636,HAC SSC,2026-04-19,610.50,42,qashier,7000078aae5a335ca61a2a21047949aa1fe00255d83a16ed92d1adbfdc26486d
c3e5a387-4a1a-4ee9-9e80-3a335d816636,HAC SSC,2026-04-20,294.00,26,qashier,5d01003ec8bed4624d57ed25b20530b8d35cbef8f8091647e104c105ae88f356
c3e5a387-4a1a-4ee9-9e80-3a335d816636,HAC SSC,2026-04-21,345.80,24,qashier,5bccfca16ece50609cfd208b60d1fe37aad1f624322b7a960864d9207f76d325
c3e5a387-4a1a-4ee9-9e80-3a335d816636,HAC SSC,2026-04-22,407.10,32,qashier,1df1b42cafda20cc16fd09ffe65e97cecac2e78a52fda8cf6ef6f053e4f41d4a
c3e5a387-4a1a-4ee9-9e80-3a335d816636,HAC SSC,2026-04-23,304.20,27,qashier,c3d28fc3a28a7250f9d9dfdb197ae1798fba199a9d733b9dfc7858e8cfd0470e
c3e5a387-4a1a-4ee9-9e80-3a335d816636,HAC SSC,2026-04-24,491.50,40,qashier,97a8d854741993fb13e05d1d46fd5a5b5ff2bc494d6cbf4a7f503db76902583d
c3e5a387-4a1a-4ee9-9e80-3a335d816636,HAC SSC,2026-04-25,817.70,63,qashier,26014946a48dc1f178ba841704e9043be37f5f353b22f84cd4b8d5cf81986b2c
c3e5a387-4a1a-4ee9-9e80-3a335d816636,HAC SSC,2026-04-26,806.25,58,qashier,3d0fe5bd9bc1ec0412b79dfc9c4881766829b89ea0d22c5544c2c380d5ff39c9
c3e5a387-4a1a-4ee9-9e80-3a335d816636,HAC SSC,2026-04-27,347.50,28,qashier,a2d428d2f1f9e2c5bdb1b217e9196b6ed122bea69a404527a603f332bb910f2b
c3e5a387-4a1a-4ee9-9e80-3a335d816636,HAC SSC,2026-04-28,184.30,17,qashier,d43b8b457f6814394ad8a057a706d26419ebf31ed314b47d8a406a64dab39385
c3e5a387-4a1a-4ee9-9e80-3a335d816636,HAC SSC,2026-04-29,272.20,22,qashier,2887b6b5b871179bb802a74407752ef573df312c5d45a0eb014e01448769198b
c3e5a387-4a1a-4ee9-9e80-3a335d816636,HAC SSC,2026-05-05,304.80,22,qashier,a4ab403b1eaecd5bdd36060feb70634bb9030b294198d39a00c166fbf0b7b815
c3e5a387-4a1a-4ee9-9e80-3a335d816636,HAC SSC,2026-05-06,320.50,22,qashier,d8f99e8dee3426e0db86d6941580762ce7b2a68aa11fb246905393dde80feb05
c3e5a387-4a1a-4ee9-9e80-3a335d816636,HAC SSC,2026-05-07,225.10,21,qashier,67442ff2393491fbc6d98d190c32e0afa58c8255070e4f71cdb4cd1a0769ad44
c3e5a387-4a1a-4ee9-9e80-3a335d816636,HAC SSC,2026-05-08,508.80,39,qashier,d017d9d7e28c0555122afabbb40d677b6898bea467f2dd32a2bd11763daa8d09
c3e5a387-4a1a-4ee9-9e80-3a335d816636,HAC SSC,2026-05-09,843.50,62,qashier,9178f93b5e94bb420919d2929070fc480dd3713c4e36f91acd3d5249f43802f7
c3e5a387-4a1a-4ee9-9e80-3a335d816636,HAC SSC,2026-05-10,1014.95,47,qashier,2568d79ac0054598e3687aa73f18459be4c686b20b9dc0e6b086a82dc16e2951
c3e5a387-4a1a-4ee9-9e80-3a335d816636,HAC SSC,2026-05-11,233.50,18,qashier,c74c63069a2b2e913aa25e8e9896ab56da307d71a90aeb0aa6ef5f7bdccfb3bc
c3e5a387-4a1a-4ee9-9e80-3a335d816636,HAC SSC,2026-05-12,173.50,16,qashier,f5c948a4b911879eb47b448b01827a46ce9fd2b79c1e474498f8ce24aa23decf
c3e5a387-4a1a-4ee9-9e80-3a335d816636,HAC SSC,2026-05-13,217.40,19,qashier,45d795afbfb80cbadd9997773b81e698bfb2558ea2a39ed3f4ae384eba2e0de9
c3e5a387-4a1a-4ee9-9e80-3a335d816636,HAC SSC,2026-05-14,316.60,33,qashier,95f2b691fcb5738ec0ab453cdbd330f5d4de62d1ee1638ac228dd24ee9a19397
c3e5a387-4a1a-4ee9-9e80-3a335d816636,HAC SSC,2026-05-15,651.00,52,qashier,0de14f757ba8eb1d0149fe286c6d3dd612f7204ad8ff79aabc76838cc3904cfa
c3e5a387-4a1a-4ee9-9e80-3a335d816636,HAC SSC,2026-05-16,497.00,48,qashier,c73eb4280b28daaf7350328785770b74dff830ec55732c4d0919c421e764ee64
c3e5a387-4a1a-4ee9-9e80-3a335d816636,HAC SSC,2026-05-17,832.60,62,qashier,940e62ea6efa5883489504adc3c15595693c02bac4f96e8d6c4ca59b5a774d2a
c3e5a387-4a1a-4ee9-9e80-3a335d816636,HAC SSC,2026-05-18,283.40,22,qashier,59abb3ddcd819b7939d6d69d04e5d92673479bb005e627a16788d85e2baf16a9
c3e5a387-4a1a-4ee9-9e80-3a335d816636,HAC SSC,2026-05-19,317.60,25,qashier,3e813d6994903d1414f6ce2d6456f417f9762979cef5c8b3a8023ba02e506d90
c3e5a387-4a1a-4ee9-9e80-3a335d816636,HAC SSC,2026-05-20,249.40,20,qashier,58c64c7ad231630d0de9255ae8ff1f20034b92aa6afbf7704287e9826e68b3b1
c3e5a387-4a1a-4ee9-9e80-3a335d816636,HAC SSC,2026-05-21,417.60,25,qashier,721d1e4ac76a82741e84d69adaf4e2fdff1b41668515df158f30754b349def4b
c3e5a387-4a1a-4ee9-9e80-3a335d816636,HAC SSC,2026-05-22,496.10,44,qashier,8bb995608f56ec0bb315d4a308f94032610ecadc76f624cdf2d551d20bcaa751
c3e5a387-4a1a-4ee9-9e80-3a335d816636,HAC SSC,2026-05-24,846.95,59,qashier,e7f5d9dffd47b4249bf33e85d8067980aba62f4219db0f2621d2299826818e53
c3e5a387-4a1a-4ee9-9e80-3a335d816636,HAC SSC,2026-05-25,240.30,25,qashier,8b6e79528c5cd3df9c8048cd0848ad6969347e741050a100afa7b8056a1fa68f
c3e5a387-4a1a-4ee9-9e80-3a335d816636,HAC SSC,2026-05-26,338.20,26,qashier,f1769cd4c90b7ee617d73a95839452b0d9b4f2d04834e748f6d7442d5b68754c
c3e5a387-4a1a-4ee9-9e80-3a335d816636,HAC SSC,2026-05-27,890.00,55,qashier,79335696b529e4aa2bcaa05c27c77bc44b6e5c8c00e04e2effcbd0a7bfdd6168
c3e5a387-4a1a-4ee9-9e80-3a335d816636,HAC SSC,2026-05-28,340.85,26,qashier,ce66a70c9417c530ac29ee8da7d1fdcb17b8e328c026958ff0acd900e9c87f2e
c3e5a387-4a1a-4ee9-9e80-3a335d816636,HAC SSC,2026-05-29,406.50,35,qashier,06c140e682a59d2bcaa115230e9ee2663c3c2a49c8d4d5175de2cc8177dd195a
c3e5a387-4a1a-4ee9-9e80-3a335d816636,HAC SSC,2026-05-30,530.30,47,qashier,1ebbd29a5478e958113fb1857c0deee27fb6852ed093328cbe84897dc0df7e06
c3e5a387-4a1a-4ee9-9e80-3a335d816636,HAC SSC,2026-05-31,787.10,53,qashier,eef0705ace41fdbb7968880222394e93760cce9d34edb3149fc0f337d4a55eb8
c3e5a387-4a1a-4ee9-9e80-3a335d816636,HAC SSC,2026-06-01,779.60,61,qashier,c8f762ba9dd448a659c6867ccc8b90f44a3c5b0496c42d6a122bdf271c9aeabc
c3e5a387-4a1a-4ee9-9e80-3a335d816636,HAC SSC,2026-06-02,265.20,28,qashier,432764b734ba2b9f78b4c264a75bab457c63a688b7e88d319ce958fd632ad57e
c3e5a387-4a1a-4ee9-9e80-3a335d816636,HAC SSC,2026-06-03,229.70,19,qashier,41fd3727c42ee6aa423800a15618c3cb239d1863709d1452de8c6441834c6bf6
c3e5a387-4a1a-4ee9-9e80-3a335d816636,HAC SSC,2026-06-05,396.80,33,qashier,22ab9e1482637308ecf53979c4f3cf2927a19f7958fbc9de9844142b950e6f8f
c3e5a387-4a1a-4ee9-9e80-3a335d816636,HAC SSC,2026-06-06,1011.90,66,qashier,25575717008ad6e98dad45a4424663059e8304e326d5ba2ccc5c8f225e5ccbfc
c3e5a387-4a1a-4ee9-9e80-3a335d816636,HAC SSC,2026-06-07,742.90,54,qashier,91bc8a9509f8a529e6d358134fd01900499cfd9f45fda37c49909be4ee754241
c3e5a387-4a1a-4ee9-9e80-3a335d816636,HAC SSC,2026-06-08,253.90,18,qashier,edc708c9e8d6051490eede15f7bbf16322da8ef53a72835037bb23214cc4eab0
c3e5a387-4a1a-4ee9-9e80-3a335d816636,HAC SSC,2026-06-09,253.20,23,qashier,7370e1f16a306e3c663c8d48987e44ae7788f9fe3dbdf6f8ab89fcb1b9f65ef9
c3e5a387-4a1a-4ee9-9e80-3a335d816636,HAC SSC,2026-06-11,481.90,33,qashier,366721decc9fcfc0a145647fba5dcb276b3b5df62a2edb7a87ecceebb55027bf
c3e5a387-4a1a-4ee9-9e80-3a335d816636,HAC SSC,2026-06-12,524.10,40,qashier,aec284a3e5b0b267c00ac22a311e47ad0bf96d5ab1fc29dbd1a35ba83d09e034
c3e5a387-4a1a-4ee9-9e80-3a335d816636,HAC SSC,2026-06-13,570.50,42,qashier,7c6b9665e44f7006ccff84a65befec7eeebbb93beab5aacd028d0797713274a2
c3e5a387-4a1a-4ee9-9e80-3a335d816636,HAC SSC,2026-06-14,667.85,43,qashier,5a736928f5d6c7528a6669eb9b373b8d1ad1810a78d3842042005e5c842c2b69
c3e5a387-4a1a-4ee9-9e80-3a335d816636,HAC SSC,2026-06-15,234.70,20,qashier,2fcaa3d10f2f5a7613400206886f7f14f55d73919a1e41d5ce32559b36b23afd
c3e5a387-4a1a-4ee9-9e80-3a335d816636,HAC SSC,2026-06-16,290.80,27,qashier,6dd839e7c36293094e753a5e2c56d1be4299644366c402c2190126967990e8ad
c3e5a387-4a1a-4ee9-9e80-3a335d816636,HAC SSC,2026-06-17,209.20,17,qashier,ece3fe5ef5ced2c45aa8057a77bfb3a7072e858b1e4fd8e273f69970cd1080b7
c3e5a387-4a1a-4ee9-9e80-3a335d816636,HAC SSC,2026-06-18,448.40,31,qashier,c01e833eb708e9fb48faff8f637d718b5db827993d1c277925e86f7823572397
c3e5a387-4a1a-4ee9-9e80-3a335d816636,HAC SSC,2026-06-19,491.60,46,qashier,48f33bc4462b32da49da0402d1269da315f65932e6cc21dfa9b8011ea93b0be9
c3e5a387-4a1a-4ee9-9e80-3a335d816636,HAC SSC,2026-06-20,615.70,49,qashier,2e62b067b802c2fd0f7b7c927833e26dd597a6d1130d9482ecfa5fd6aeae1b9c
c3e5a387-4a1a-4ee9-9e80-3a335d816636,HAC SSC,2026-06-21,1003.20,61,qashier,4733ebe8f5f6d139dde92883cb60dcfc292bfa26906cd575098e1c607a289fb7
c3e5a387-4a1a-4ee9-9e80-3a335d816636,HAC SSC,2026-06-22,438.50,32,qashier,49354e3e8a9d04732c521eaa26247777ec9d8663c0a2d29fc9a9ed36de15d7d7
c3e5a387-4a1a-4ee9-9e80-3a335d816636,HAC SSC,2026-06-23,424.90,35,qashier,57298b1c319bc4d92acdc66cb55f7fa1e77af8cd3d8aea25bc3ff5e5fe389fa8
c3e5a387-4a1a-4ee9-9e80-3a335d816636,HAC SSC,2026-06-24,204.80,21,qashier,e6773bb9b8ba95ef465918c1eddac4f4c73572fcf42e4fb1e6aad47b95befde9
c3e5a387-4a1a-4ee9-9e80-3a335d816636,HAC SSC,2026-06-25,382.10,32,qashier,eb0e4c3851a71794673b14fcef9deb3c4e61be33f7b21e55c2b821cbad54c54d
c3e5a387-4a1a-4ee9-9e80-3a335d816636,HAC SSC,2026-06-26,499.10,41,qashier,4c74b66873e6837bbe3c321572a0dedb087d9fc3c14e80af27b322f4eeb0fead
c3e5a387-4a1a-4ee9-9e80-3a335d816636,HAC SSC,2026-06-27,753.80,55,qashier,4c46fbf22d32e1dd7903d0bcc19b52c5b3bb752872777ab365e1d5db6adae0db
c3e5a387-4a1a-4ee9-9e80-3a335d816636,HAC SSC,2026-06-28,532.90,43,qashier,f43a931de0321aa8f2cc7c57e256ea2eebd6d006450b424f2580601e9aa1c996
c3e5a387-4a1a-4ee9-9e80-3a335d816636,HAC SSC,2026-06-29,280.70,25,qashier,2e6d66a7d284e8c3433f2af731a81e94a3b6b287e4797518cce5f181fc19edb4
c3e5a387-4a1a-4ee9-9e80-3a335d816636,HAC SSC,2026-06-30,315.10,28,qashier,066908c2c97d5bd8b7f87047fd878003661681bf1e00a370fce3c76a148d1d4d
c3e5a387-4a1a-4ee9-9e80-3a335d816636,HAC SSC,2026-07-01,584.19,36,qashier,9c2922fbec10b5c9f4d61e80f216007508ee1aaf37e4416bd277063ad2a2a857
c3e5a387-4a1a-4ee9-9e80-3a335d816636,HAC SSC,2026-07-02,342.90,23,qashier,2fc3bcff8602de625c69317e75bfab42feecfaa1c097fa447ae5c3f203890fe8
c3e5a387-4a1a-4ee9-9e80-3a335d816636,HAC SSC,2026-07-03,640.70,53,qashier,2d9ab17d8f39de96217370f5c7bd28fe4a65018d9132e3405bdc1d7ccadc2b97
c3e5a387-4a1a-4ee9-9e80-3a335d816636,HAC SSC,2026-07-05,1002.00,68,qashier,da3ffbe32843f6b64e1fa5b3859e49aa1d3ac52bf03157f1d0945266ed026820
c3e5a387-4a1a-4ee9-9e80-3a335d816636,HAC SSC,2026-07-06,288.48,25,qashier,5b5eef6274cf4e19bcfcc0c576438aa4acc7be2f4565cfcc99960ab7660ae845
c3e5a387-4a1a-4ee9-9e80-3a335d816636,HAC SSC,2026-07-07,307.40,23,qashier,bee29ff9f4a0ae2f079cd8bd0bcae3ed6e6bbbec2fc6bd07a40b241a377e085b
c3e5a387-4a1a-4ee9-9e80-3a335d816636,HAC SSC,2026-07-08,351.80,30,qashier,7811f5b57aaa3e469ca90df826f89bfec43de07552cd936760ed1f1dc9791886
9d936497-511c-46a3-b262-806c37485a40,HAC Sunset Way,2025-06-26,893.70,54,qashier,9b4466f37aaaae45151224ef4de9b8dcada96e1e7b3d59ec612a42b27378875f
9d936497-511c-46a3-b262-806c37485a40,HAC Sunset Way,2025-06-27,1331.95,74,qashier,3b1ae75b755ab2d7d7216439bed0d5cce920c74490469933dbcab38d7cc581d9
9d936497-511c-46a3-b262-806c37485a40,HAC Sunset Way,2025-06-28,1224.75,73,qashier,fd08fdc14a3e77bbe1c73a65381916f573b27e0b082a4d4f0c948976151ee7a0
9d936497-511c-46a3-b262-806c37485a40,HAC Sunset Way,2025-06-29,1134.90,70,qashier,579d9beb166b1c5fecf04e105b2d1b078597443e77e0f54784bc4023ec9674ab
9d936497-511c-46a3-b262-806c37485a40,HAC Sunset Way,2025-06-30,687.70,52,qashier,52202b079835bf57d060b1ef500a6e52567be91d54397b9fc34e50510142cdd2
9d936497-511c-46a3-b262-806c37485a40,HAC Sunset Way,2025-07-01,590.40,47,qashier,c3e06e797d8cacc4791c707d796b506ec13ec5e0ce29f1814528f5ea61e883f1
9d936497-511c-46a3-b262-806c37485a40,HAC Sunset Way,2025-07-03,644.20,49,qashier,954c5a8d923528baec7507a620758f7e3e1b8cf4035ca43c31bd62d85be20ba6
9d936497-511c-46a3-b262-806c37485a40,HAC Sunset Way,2025-07-04,857.90,51,qashier,2b91fdd021053e75005db9ae9e5a398d2cc6a4cf897c9ca6ea05036c5fc1fd6b
9d936497-511c-46a3-b262-806c37485a40,HAC Sunset Way,2025-07-05,1561.60,90,qashier,6845ea71360894eb96a8b4fd13614b6074500bf594f13b35ce665b45b16886e2
9d936497-511c-46a3-b262-806c37485a40,HAC Sunset Way,2025-07-06,1334.90,71,qashier,75f44c4e67680d219f0967dc3e2bc7d348be093b36eb331a2f525ba67d09de8e
9d936497-511c-46a3-b262-806c37485a40,HAC Sunset Way,2025-07-07,780.40,46,qashier,31fa7f6894e30dfb04f614986c4c745726db6071c800976c71fbbb560ad136a5
9d936497-511c-46a3-b262-806c37485a40,HAC Sunset Way,2025-07-08,575.60,42,qashier,672f7f012b6903ab344e92bc50fff494791a266dadff07c88855e0d91e8eb47e
9d936497-511c-46a3-b262-806c37485a40,HAC Sunset Way,2025-07-09,699.10,43,qashier,0a0f77cd130e450c9f470d3d3a0eb4fdf54c136b1e677046087f5ae830b4f41e
9d936497-511c-46a3-b262-806c37485a40,HAC Sunset Way,2025-07-10,765.10,59,qashier,8b11e436029118beacf64b232315128b2bce9f26ee9d19a021192ac12390e0ae
9d936497-511c-46a3-b262-806c37485a40,HAC Sunset Way,2025-07-11,1105.10,77,qashier,bf43a6276be7e9e463bd14a2edf6ac10fd0384831750b29aac037bb21aa25eab
9d936497-511c-46a3-b262-806c37485a40,HAC Sunset Way,2025-07-12,1326.20,72,qashier,a3687fd3887d1e329973e8e26686784e873799bb3e684fc79f14e3c3d304141c
9d936497-511c-46a3-b262-806c37485a40,HAC Sunset Way,2025-07-13,1137.60,79,qashier,0270384fa0630cc7512c08a7352bae899c2adb4383d0d9bb0c7ba9c076e621da
9d936497-511c-46a3-b262-806c37485a40,HAC Sunset Way,2025-07-14,598.60,37,qashier,2807d2c6b6b3f8163900ac8ffaec19cdb6a3fa00217f9771a5be91dbad051d71
9d936497-511c-46a3-b262-806c37485a40,HAC Sunset Way,2025-07-15,500.00,38,qashier,4fbfe069b76dc0508b5ba7e561038ec9c0cd2f795eaf8f771c6aeeceebfeba20
9d936497-511c-46a3-b262-806c37485a40,HAC Sunset Way,2025-07-16,522.00,39,qashier,c41e5f977d26efd6f25734d553066afc1de46673a2bbbe6147d0d02ae53b7f66
9d936497-511c-46a3-b262-806c37485a40,HAC Sunset Way,2025-07-17,876.50,59,qashier,742c10b2164c02547847989e9ab7a36d570abe14ebdfe2fb23b5b5c398b098fa
9d936497-511c-46a3-b262-806c37485a40,HAC Sunset Way,2025-07-18,1538.70,97,qashier,89c523cae1a3482c8efe4791bdcad8266949b579e2160f17b1ee71cb9b53ee9b
9d936497-511c-46a3-b262-806c37485a40,HAC Sunset Way,2025-07-19,1753.10,105,qashier,ac95ab606eb4195cda023c63c8cb1e48658059c7b075b39590abb28a0111ebf4
9d936497-511c-46a3-b262-806c37485a40,HAC Sunset Way,2025-07-20,1061.80,78,qashier,e243e3badd75f3808809ccbf96bb07843ca0493a3902b943d6a8bd53dfc2f696
9d936497-511c-46a3-b262-806c37485a40,HAC Sunset Way,2025-07-21,602.44,43,qashier,cc568a33a55e83af5ff75f56b3a292ba0fb2a7c927e4a53007e552a6ef5552af
9d936497-511c-46a3-b262-806c37485a40,HAC Sunset Way,2025-07-22,634.80,40,qashier,f1dbef3041b1d7c6bb555200e24124673f343646f108a5a7ffd572920b2f6d96
9d936497-511c-46a3-b262-806c37485a40,HAC Sunset Way,2025-07-23,885.10,59,qashier,6135f43d7cd566a996d0b017bd660333094c16e253068b749eef5def14eb7b4a
9d936497-511c-46a3-b262-806c37485a40,HAC Sunset Way,2025-07-24,816.90,58,qashier,0a7fd0fd444e0882323f3f333d704bcfe94849d94a5bd5f37487efb1f4c8c986
9d936497-511c-46a3-b262-806c37485a40,HAC Sunset Way,2025-07-25,1333.80,88,qashier,9e11653bdddc7e10e671be8c41565bbe992acd68f83d823fac75c4faab79bc9c
9d936497-511c-46a3-b262-806c37485a40,HAC Sunset Way,2025-07-26,1760.50,107,qashier,05b1155135d029548d6e43c1cf334a6673a329efcca1273c5e81de016a6ea08e
9d936497-511c-46a3-b262-806c37485a40,HAC Sunset Way,2025-07-27,1477.40,92,qashier,8603336afa8982fb641752e00c00318683078d76d586d755854d1856e39312fe
9d936497-511c-46a3-b262-806c37485a40,HAC Sunset Way,2025-07-28,782.50,56,qashier,ed92f304d62d811fbb67fce18c973baeaabc3af3a98f06b84ce3c23ee1fe5503
9d936497-511c-46a3-b262-806c37485a40,HAC Sunset Way,2025-07-29,774.00,55,qashier,355227c4ed0794e97659b84bd16c136107f7d453b0402b01a151ccac378caf1f
9d936497-511c-46a3-b262-806c37485a40,HAC Sunset Way,2025-07-30,737.10,55,qashier,61e50996f97747ffbbc4113fbf37dfe6d1eee8bd62301b49827c96c16da9c2fe
9d936497-511c-46a3-b262-806c37485a40,HAC Sunset Way,2025-07-31,737.90,47,qashier,ae6d6c838f2847f70c3cede3804c81e948be43a0ded14dafd8b5bb073cdcee6b
9d936497-511c-46a3-b262-806c37485a40,HAC Sunset Way,2025-08-01,1219.60,86,qashier,1b213f35b8a6bc668217cb56ca216c416eccdae613af6366dfed746371f7feb3
9d936497-511c-46a3-b262-806c37485a40,HAC Sunset Way,2025-08-02,1963.00,113,qashier,a0487c383250b25aabf70b46ccbf2375fd10722d10f8b3321ca62fcd4975c8f8
9d936497-511c-46a3-b262-806c37485a40,HAC Sunset Way,2025-08-03,1239.00,72,qashier,cd43f160e4403b01c69448dc20d52e4c156cfe8c5c3b906782ac127040b5b0a9
9d936497-511c-46a3-b262-806c37485a40,HAC Sunset Way,2025-08-04,709.45,50,qashier,c5958177fa2883ed9f9414306064abea9ab21c195ac88b416e682fb43ab8597c
9d936497-511c-46a3-b262-806c37485a40,HAC Sunset Way,2025-08-05,656.30,56,qashier,f7c3f8b1f6e142d2ac100d8b6dc82bb5437b6c69ffa47886eeda9d2e7da13e9c
9d936497-511c-46a3-b262-806c37485a40,HAC Sunset Way,2025-08-06,654.10,48,qashier,984fd4269ee5a7429d5fcc5bda28776d7d002d06ec67804415b9c24820b3cbb3
9d936497-511c-46a3-b262-806c37485a40,HAC Sunset Way,2025-08-07,828.10,66,qashier,3c6755373ce8140964a26c28f6a8a6f7ef17842a22d1cef161fb8b8b77f4a988
9d936497-511c-46a3-b262-806c37485a40,HAC Sunset Way,2025-08-08,1507.40,99,qashier,29816caf2e11004fd3b60336c91d5cf369f8f94d2f9b9c3bdc6ed317fd4b7df7
9d936497-511c-46a3-b262-806c37485a40,HAC Sunset Way,2025-08-09,1966.60,97,qashier,72dc3c3b0be5477fb37a84669f45ea4659d90737ae56df8de035abf04c1f18e6
9d936497-511c-46a3-b262-806c37485a40,HAC Sunset Way,2025-08-10,1673.55,101,qashier,b76d6b79cc9288583f53ddaeb269c3f85dc534d13cb91d475d36ecfba97d960e
9d936497-511c-46a3-b262-806c37485a40,HAC Sunset Way,2025-08-11,942.96,67,qashier,9893b0241d4f9075f2a1646611d3114ac71da19373859fa69c79c056add877c9
9d936497-511c-46a3-b262-806c37485a40,HAC Sunset Way,2025-08-12,516.00,41,qashier,fcf4f40afe0943c1768f92a08f98bc298a202f21a70fe95f09dcf936fc690593
9d936497-511c-46a3-b262-806c37485a40,HAC Sunset Way,2025-08-13,669.40,45,qashier,547a1b74ac9864cb922e3d789374be4e1421ab486997076c2e07d8d2285cfe87
9d936497-511c-46a3-b262-806c37485a40,HAC Sunset Way,2025-08-14,622.80,52,qashier,e24d1d95a89b1537840f1f5aa6b088bff75e20b48b1f5166656bba1516de60c9
9d936497-511c-46a3-b262-806c37485a40,HAC Sunset Way,2025-08-15,1501.30,96,qashier,a0a5153c0891a65df1799fb41d236474c12039b9abd190ab720b21e222d4c7ce
9d936497-511c-46a3-b262-806c37485a40,HAC Sunset Way,2025-08-16,1203.40,81,qashier,449f6c2952fe4c29e7ce0df29119d6b13739e46e7ca132c8f9d9d17459511a4b
9d936497-511c-46a3-b262-806c37485a40,HAC Sunset Way,2025-08-17,1297.40,75,qashier,db9b754675389b529e8e41dffacb10c2f092faae00a3df62c8fe7baacb33678b
9d936497-511c-46a3-b262-806c37485a40,HAC Sunset Way,2025-08-18,898.74,62,qashier,376f4e0fa8cca5539859e00fb5a355bf803ecabcbbd6ea1828775f31900dfc6f
9d936497-511c-46a3-b262-806c37485a40,HAC Sunset Way,2025-08-19,833.30,55,qashier,6f707dffbeeb6395c00d906d120e2fd4f6d98235213e1a98dc53f834c53751bb
9d936497-511c-46a3-b262-806c37485a40,HAC Sunset Way,2025-08-20,831.10,55,qashier,6ded8f13f803993b51af1207d1cceed67ea0ea5a6b779ba1f7800149aa782aed
9d936497-511c-46a3-b262-806c37485a40,HAC Sunset Way,2025-08-21,826.40,64,qashier,6ad83cde604efd8d605781bb463a2e2f0a6453c489afb9d320abd9ed34f33d5e
9d936497-511c-46a3-b262-806c37485a40,HAC Sunset Way,2025-08-22,1093.90,79,qashier,babe112087dcb7c9766213421e4a64fa6ba6a6940550fa3c88b2bc8ee94527c9
9d936497-511c-46a3-b262-806c37485a40,HAC Sunset Way,2025-08-23,1757.10,97,qashier,8961399308aa0da059a2918880727a86d8b061e6ef0e678859787a2810541ad9
9d936497-511c-46a3-b262-806c37485a40,HAC Sunset Way,2025-08-24,1523.40,92,qashier,ac1dba04acfe239d17970b7cf52e12580df1ec4da660492c24b604047931b426
9d936497-511c-46a3-b262-806c37485a40,HAC Sunset Way,2025-08-25,773.30,56,qashier,81e067d0f70b616b85ae7e3f4a73ad796ed0bf7d292b3fa4ec9219df15c116ad
9d936497-511c-46a3-b262-806c37485a40,HAC Sunset Way,2025-08-26,904.60,59,qashier,7c8d7510515db43f5e08279a16d2afaff4b5aaa60657ab363a13fee95d1c3f89
9d936497-511c-46a3-b262-806c37485a40,HAC Sunset Way,2025-08-27,910.80,67,qashier,4038c70bb95247d3d60645d7211f0f07301e1042e6013e9c7e118d39195815ef
9d936497-511c-46a3-b262-806c37485a40,HAC Sunset Way,2025-08-28,519.10,39,qashier,ae836d1bfeceea41dc787e4984a5b2e6f7d15065e1ebe8bc60bc4158306a4833
9d936497-511c-46a3-b262-806c37485a40,HAC Sunset Way,2025-08-29,1280.30,86,qashier,d0d8817a77a7177b53bf29fd5846ac50c4ce394ff8c093b8c069421f97f40bab
9d936497-511c-46a3-b262-806c37485a40,HAC Sunset Way,2025-08-30,1679.50,91,qashier,13f5f7c8778007778a31e2abd7b64e805f90d43aa6ea96ff48c9559bebb756a4
9d936497-511c-46a3-b262-806c37485a40,HAC Sunset Way,2025-08-31,1246.10,75,qashier,4c5f534a6c6c670b8d3addc596a3b5ff148e6124d64385cad8561f3b7991e590
9d936497-511c-46a3-b262-806c37485a40,HAC Sunset Way,2025-09-01,569.50,43,qashier,c55cda1dca66dc7e8d6d629e197d8f094823c8eaaac1a6440c4a89ed8686ceb9
9d936497-511c-46a3-b262-806c37485a40,HAC Sunset Way,2025-09-02,746.00,54,qashier,0170b71bad39dbb499fb52b690c53aa4bf3f1d6731b38a54c4c33d97830262e3
9d936497-511c-46a3-b262-806c37485a40,HAC Sunset Way,2025-09-03,877.70,51,qashier,118e9988cb6777d761ff0ebfa44c0e932051c51ba7f0b5e6695c3fc07425ff27
9d936497-511c-46a3-b262-806c37485a40,HAC Sunset Way,2025-09-04,1134.60,69,qashier,c5ab0d63dd609ef2417ebf3c37a525ecc3388b8739bbe4252fbd6c04c8b9fbce
9d936497-511c-46a3-b262-806c37485a40,HAC Sunset Way,2025-09-05,1358.90,71,qashier,df1c6b1a89c06d2222b804b18a76b16b1736353b65f939e8da49a83a96db4217
9d936497-511c-46a3-b262-806c37485a40,HAC Sunset Way,2025-09-06,1401.20,82,qashier,42c5314a0440f7811512eb6acfe05ff12e730b42de0e2cccff1053c484ab7c52
9d936497-511c-46a3-b262-806c37485a40,HAC Sunset Way,2025-09-07,1233.70,73,qashier,007a6fc05e0d797113d4e5859b71b32e033a3a9da91540a3a5bf8a19bd0be667
9d936497-511c-46a3-b262-806c37485a40,HAC Sunset Way,2025-09-08,621.10,47,qashier,2b143b89cab40c496a07b3deb73d16dd54228a12e2f541c2edaf00de7da0fd0e
9d936497-511c-46a3-b262-806c37485a40,HAC Sunset Way,2025-09-09,587.80,39,qashier,0c0767eb720054ec4848adf2069d2f6fef9baa82710cc07ed8cca3e7293612c2
9d936497-511c-46a3-b262-806c37485a40,HAC Sunset Way,2025-09-10,737.20,51,qashier,75c41d470816075a58053381c88074911e68810c173f85b9491b5bd98b0af5fa
9d936497-511c-46a3-b262-806c37485a40,HAC Sunset Way,2025-09-11,587.80,39,qashier,257193039ba430ae48ce6f7fbfa4f2412377efe1fc2b6870681e4ed3e72e2e16
9d936497-511c-46a3-b262-806c37485a40,HAC Sunset Way,2025-09-12,1238.40,69,qashier,b3a12df7e3fe10914debefe1703db38e617ebaee8e65bc8ceadd04e962e3350f
9d936497-511c-46a3-b262-806c37485a40,HAC Sunset Way,2025-09-13,1578.50,83,qashier,671b3d45c722ff15bf73f3b433c12e53a6780eedc989bc5d5c3037bb2ca8d4b4
9d936497-511c-46a3-b262-806c37485a40,HAC Sunset Way,2025-09-14,1628.60,92,qashier,b6a93c2b00f610791e23add392b5c3afcf7d7943bf572b4ee0f271fa78192939
9d936497-511c-46a3-b262-806c37485a40,HAC Sunset Way,2025-09-15,498.40,35,qashier,109dfbde10a957d006fda3726d70846fe5fd68abf06984186862f4da035f582a
9d936497-511c-46a3-b262-806c37485a40,HAC Sunset Way,2025-09-16,611.80,37,qashier,f4f505f0cb5fd16cc840c7282f5ce56ae12ca88e2f11e9d4a56f092d3c7ec4c8
9d936497-511c-46a3-b262-806c37485a40,HAC Sunset Way,2025-09-17,724.10,44,qashier,889df5778169a270a9ae3d6163cfa71b0fca7e54a834c6c457fb67ffce80e089
9d936497-511c-46a3-b262-806c37485a40,HAC Sunset Way,2025-09-18,611.30,42,qashier,6cb6184da9a0440abcb9a68b76d1edadceaa15f7344e48462c4032d3ecd5aa58
9d936497-511c-46a3-b262-806c37485a40,HAC Sunset Way,2025-09-19,1088.10,91,qashier,9f5f0ab3b5e8645e3cf3cf1f620f47276e3e032f879943e9276da5adfde821ff
9d936497-511c-46a3-b262-806c37485a40,HAC Sunset Way,2025-09-20,1254.50,83,qashier,c48fabb005534c6b5eeeb94ea4c651e845f2c6b873cea10aee9bc474fcbf1094
9d936497-511c-46a3-b262-806c37485a40,HAC Sunset Way,2025-09-21,1143.60,81,qashier,3e394ac84d35a36c449a9ac00a4776fa5388d6876f6d91e5742488808a3eba6f
9d936497-511c-46a3-b262-806c37485a40,HAC Sunset Way,2025-09-22,712.80,53,qashier,c56a7be5b9e603cdcaaef727458a09efda9a340b6e7866fb028d4f85a20d2730
9d936497-511c-46a3-b262-806c37485a40,HAC Sunset Way,2025-09-23,460.00,32,qashier,57d94dfc3ddf9ed6d47c16b8635965aea5db95c2419cd0f93b6e95fdfe265c7b
9d936497-511c-46a3-b262-806c37485a40,HAC Sunset Way,2025-09-24,789.80,61,qashier,d3ff50a1fe1da5be0e43197261558f70c75d7b3a5e46386b6cca62bcb7dc59cd
9d936497-511c-46a3-b262-806c37485a40,HAC Sunset Way,2025-09-25,807.00,57,qashier,07196cf2a7d1f51556a180406527941319e5fd4a2033c03e00c8faaad34a1891
9d936497-511c-46a3-b262-806c37485a40,HAC Sunset Way,2025-09-26,1107.60,68,qashier,37a89623f6fdbafa623b3306753e4f08652cd64ade4ee041b9315a0636c86d9d
9d936497-511c-46a3-b262-806c37485a40,HAC Sunset Way,2025-09-27,1291.60,84,qashier,48f6d5d1f662f74e24155a97bf9dc2c6fc9ed67e173688fef773c9aaeb7ca12e
9d936497-511c-46a3-b262-806c37485a40,HAC Sunset Way,2025-09-28,1198.20,72,qashier,698fd835e00c85a3255d356911bfcb39d5ee85e3ea20794f748f3d694262f9e1
9d936497-511c-46a3-b262-806c37485a40,HAC Sunset Way,2025-09-29,700.90,47,qashier,d4a7be8f3b670a66da62974cfc926af64bf2f2c2b6618125ff305b81ebb735df
9d936497-511c-46a3-b262-806c37485a40,HAC Sunset Way,2025-09-30,509.60,42,qashier,e8e6b26f076e462009f64701c3794676c4d1635186da637f690f5102fc13a7c0
9d936497-511c-46a3-b262-806c37485a40,HAC Sunset Way,2025-10-01,693.00,48,qashier,449b7ea3f145afdda7066844cafcd9bc13004a8df4fd81da640b4bcb9baf6b8c
9d936497-511c-46a3-b262-806c37485a40,HAC Sunset Way,2025-10-02,793.50,54,qashier,7fb3b33efef272f033c978f41ef6fea3a7f259fe9bf503854508cd963a8be9dd
9d936497-511c-46a3-b262-806c37485a40,HAC Sunset Way,2025-10-03,1083.30,75,qashier,dcd2fa051098fab4aac3278b07df7a97aaf910e82182802f81faf0c7988037b6
9d936497-511c-46a3-b262-806c37485a40,HAC Sunset Way,2025-10-04,1155.20,74,qashier,6b44b050cff5ae60cbaca54c47946349d4e55ae4226a08b89e7ba4cb19f3c06a
9d936497-511c-46a3-b262-806c37485a40,HAC Sunset Way,2025-10-05,1290.90,77,qashier,f0bc931f32ec73b46b6c3841b15b13a67356f3687650b4950cd8fd7ba594522b
9d936497-511c-46a3-b262-806c37485a40,HAC Sunset Way,2025-10-06,806.80,54,qashier,d5d0a761dff7d8dadbb85c6724bd99bfbcd392ac6cfe185aa2798bc10b587105
9d936497-511c-46a3-b262-806c37485a40,HAC Sunset Way,2025-10-07,672.90,48,qashier,5b98ef102a788f7dad76bb011b94606c5b52cbe6ecfc7d579570305675ef743d
9d936497-511c-46a3-b262-806c37485a40,HAC Sunset Way,2025-10-08,572.00,42,qashier,6480624a7b3062b67552994badef68269c43336c1f9046f31537f3d915c1faf8
9d936497-511c-46a3-b262-806c37485a40,HAC Sunset Way,2025-10-09,542.00,41,qashier,109d5e7ed73211eda690b2c5fd06cbd28e63ec47bed0ae7c49bafcf6d9e94e54
9d936497-511c-46a3-b262-806c37485a40,HAC Sunset Way,2025-10-10,1102.90,77,qashier,14779664cebc23af63b85adbc2d465078fe9bfcf2c1c1aef3269a6b15ddf0635
9d936497-511c-46a3-b262-806c37485a40,HAC Sunset Way,2025-10-11,1258.24,86,qashier,f88209b3c1ab4e5c5d1c2f7f48537bb52c6db086d32afc63e69eddefa0f5b324
9d936497-511c-46a3-b262-806c37485a40,HAC Sunset Way,2025-10-12,1048.70,62,qashier,39ce8fff1453d92d4e370c4107e744c24dd50c3a5ccc5bffebb44d2a3b8613d5
9d936497-511c-46a3-b262-806c37485a40,HAC Sunset Way,2025-10-13,578.60,41,qashier,2119118cd054df24921ff4cdbe110348389a51913a1adf416499878d276394c5
9d936497-511c-46a3-b262-806c37485a40,HAC Sunset Way,2025-10-14,644.90,50,qashier,c23ae486015332a0948b2f84ac98e0f41c915fae7fc6921425aa27d4ee1f6391
9d936497-511c-46a3-b262-806c37485a40,HAC Sunset Way,2025-10-15,513.20,42,qashier,f35cae3c79e4d9a5b58a0ca353213ae047628195a5b63fb5101cd28d8ad52091
9d936497-511c-46a3-b262-806c37485a40,HAC Sunset Way,2025-10-16,567.00,42,qashier,9d1ecbc9ee31df903b5af6cc395cabc92296225758730a8f477e66cfd3b9658d
9d936497-511c-46a3-b262-806c37485a40,HAC Sunset Way,2025-10-17,995.10,59,qashier,149fbe302333403f04de16feaa3d8e311608837c3e74723abd143ca2e941601e
9d936497-511c-46a3-b262-806c37485a40,HAC Sunset Way,2025-10-18,1560.20,103,qashier,b52df3337bc76546f95bb8a5544512c7c02b1e04b3c0e0ec61cfcbea94e661b8
9d936497-511c-46a3-b262-806c37485a40,HAC Sunset Way,2025-10-19,1218.10,90,qashier,6bd856866b858219487474ecc4282e6ac4b9804fc5916b6bebd6163829bfdfc7
9d936497-511c-46a3-b262-806c37485a40,HAC Sunset Way,2025-10-20,1207.50,71,qashier,209bb20dea250f57a143969cc787ba6085c0dfd48b9e424bc76fe3caeba7d813
9d936497-511c-46a3-b262-806c37485a40,HAC Sunset Way,2025-10-21,340.70,28,qashier,e4e0a9d1c9d59e35221aa22b80f2b34792be51b5e79f81530a8f3b4ea5209451
9d936497-511c-46a3-b262-806c37485a40,HAC Sunset Way,2025-10-22,666.00,41,qashier,69245502eb19d8605f0f9a731080bf417b448b61717d62917b63baf7289706bd
9d936497-511c-46a3-b262-806c37485a40,HAC Sunset Way,2025-10-23,515.10,41,qashier,95a1a64518321a0b13852b7d4c4175d4b4f49d02bddf2ffc4894abe79b676236
9d936497-511c-46a3-b262-806c37485a40,HAC Sunset Way,2025-10-24,1003.70,72,qashier,c1476f4aa96da3093d89877cbea6f0c0b2414a4d785ee68ad92a10dfc6e792dc
9d936497-511c-46a3-b262-806c37485a40,HAC Sunset Way,2025-10-25,1434.20,89,qashier,37e0e0d02cbc3345ac1013ef811b8c31284257e5c17fb78531a3dadd507f8a5f
9d936497-511c-46a3-b262-806c37485a40,HAC Sunset Way,2025-10-26,1027.20,64,qashier,6249fc67b5b9be90154f2b81094cb7817923a423cbf069a73b7fb85b2a8bb6cb
9d936497-511c-46a3-b262-806c37485a40,HAC Sunset Way,2025-10-27,476.90,40,qashier,1de8c40bbe199f39dca37fc364c2dc342cb28cdbc0290f96a4d23c7c85ef76d0
9d936497-511c-46a3-b262-806c37485a40,HAC Sunset Way,2025-10-28,624.80,54,qashier,defbd9d8db223f8f9463e6abcb79decd0333467a34778c55dc4e91140dc752cd
9d936497-511c-46a3-b262-806c37485a40,HAC Sunset Way,2025-10-29,585.28,43,qashier,5b53592b96f42489a37d64dcfa3e58171ba5cab9c60020e857f4137c1bc3fdd1
9d936497-511c-46a3-b262-806c37485a40,HAC Sunset Way,2025-10-30,621.00,49,qashier,3746f954755ff1026d7b1da809e608e0eea4a5288144436d65bb3c86c97bef15
9d936497-511c-46a3-b262-806c37485a40,HAC Sunset Way,2025-10-31,1333.90,81,qashier,ebfb491edf1ab9204a5918837fb6f327bf4af8d7c257ffdc5e124b0ff6dac868
9d936497-511c-46a3-b262-806c37485a40,HAC Sunset Way,2025-11-01,1544.10,88,qashier,4facbbdcad834fa20dd01a1a5f4f505ae296d06bbec0a894a970fc818de1b25c
9d936497-511c-46a3-b262-806c37485a40,HAC Sunset Way,2025-11-02,1211.90,78,qashier,a0a2b1e671d4d136f925cfb1663332a4a98ae9bdd4fd5451ced6e6991a069235
9d936497-511c-46a3-b262-806c37485a40,HAC Sunset Way,2025-11-03,652.00,51,qashier,3f131e438320ae3bd40bd78dac37f5190c8b5d219a6fdc2c592292a4aed95cdd
9d936497-511c-46a3-b262-806c37485a40,HAC Sunset Way,2025-11-04,620.60,45,qashier,2c5d30a3c4cba26ee3245fd53501dbf273c3913ef33c5a5d36a6ce55055fee14
9d936497-511c-46a3-b262-806c37485a40,HAC Sunset Way,2025-11-05,617.00,46,qashier,f3a48cf4dfd32e754efc846279b1cc729fdd8243646cd026d8d0efc4fb3cca3a
9d936497-511c-46a3-b262-806c37485a40,HAC Sunset Way,2025-11-06,852.40,62,qashier,73e718c7fd1a2638b3531f8fbbc51104a445622ec895698ff9f7afac81380cde
9d936497-511c-46a3-b262-806c37485a40,HAC Sunset Way,2025-11-07,1173.30,85,qashier,b1f61c781a437ed845c21b9284bc540be27edb75de9afae325e84766183b33c4
9d936497-511c-46a3-b262-806c37485a40,HAC Sunset Way,2025-11-08,1310.80,88,qashier,5557b45a3b45d2bc976010dabc17ce1057a6f5f09e029e0389cd3bb77c54dcd3
9d936497-511c-46a3-b262-806c37485a40,HAC Sunset Way,2025-11-09,1005.90,58,qashier,042e61c6f490d376c51ebb278abef85cfa191dada99c55f713ecc7fc0fd88bca
9d936497-511c-46a3-b262-806c37485a40,HAC Sunset Way,2025-11-10,796.60,56,qashier,df191473fd581e90e67ff1ce3b26ab4c97d59e996bce23c657995dc45b91b380
9d936497-511c-46a3-b262-806c37485a40,HAC Sunset Way,2025-11-11,446.30,36,qashier,19ea87979e075a64aa56e724b22085d3d479e71064c24145d72c65e4e8040fac
9d936497-511c-46a3-b262-806c37485a40,HAC Sunset Way,2025-11-12,391.10,32,qashier,ced5966758b3f95257b068ccc414099fc8907049506902f32b0ebd309738313d
9d936497-511c-46a3-b262-806c37485a40,HAC Sunset Way,2025-11-13,584.10,38,qashier,921f81405283bc7b7baf37afdca410b73e9a7cebe92eaf88ec9274b2b7af3b4e
9d936497-511c-46a3-b262-806c37485a40,HAC Sunset Way,2025-11-14,911.60,60,qashier,9165d0b22b8acbf822bcabc7e6f27309f84e316edb6010e0870833998b179db2
9d936497-511c-46a3-b262-806c37485a40,HAC Sunset Way,2025-11-15,973.00,57,qashier,31cd26271b352bd99fe130b93414cdc77434f25999500e29c7cd6f5e52df3064
9d936497-511c-46a3-b262-806c37485a40,HAC Sunset Way,2025-11-16,885.40,52,qashier,230aea06cb6b776607606762b68d62c28814cc7acbb873a424c407fa9103f687
9d936497-511c-46a3-b262-806c37485a40,HAC Sunset Way,2025-11-17,410.60,32,qashier,4c39d0ab0bee7185c80b89263d79bfb59126fee3398b093a0ee26332621dcb42
9d936497-511c-46a3-b262-806c37485a40,HAC Sunset Way,2025-11-18,389.40,32,qashier,32dafde8200c0290064215ca8c744b90787b33784d2cc3dbab44ad6bab8e331a
9d936497-511c-46a3-b262-806c37485a40,HAC Sunset Way,2025-11-19,674.20,49,qashier,6e8c440b10de39ba49da75e4a1560b6361a46784978748ccc7ddccca7533eaa1
9d936497-511c-46a3-b262-806c37485a40,HAC Sunset Way,2025-11-20,466.40,41,qashier,50d9d9172907018c115c95c9f738ca7ed66beb2676472d97ac4ff3ba32a009a3
9d936497-511c-46a3-b262-806c37485a40,HAC Sunset Way,2025-11-21,939.30,62,qashier,e180cc4fea905b5a48937f1cc59c5694017d2521b682ea806d6d92ad7e4d89d7
9d936497-511c-46a3-b262-806c37485a40,HAC Sunset Way,2025-11-22,1253.80,74,qashier,c8236cb24e7d877b1e340086e66691a1b6b11d16c36c9644f196a2297d2eaf17
9d936497-511c-46a3-b262-806c37485a40,HAC Sunset Way,2025-11-23,1285.60,90,qashier,e8fe5663edd9ce4038c0149f3a4183896bcd70a08752d64b409b8451d34867a8
9d936497-511c-46a3-b262-806c37485a40,HAC Sunset Way,2025-11-24,653.30,48,qashier,65cce1094cfbc5beb48e30e84c581925cd1f75d1256b2470b0fcb1fb4d91ddb3
9d936497-511c-46a3-b262-806c37485a40,HAC Sunset Way,2025-11-25,557.70,40,qashier,031f1c82db530efe9e1534a25ab5b9f46ae8840ce09d875b106152587dc94fc5
9d936497-511c-46a3-b262-806c37485a40,HAC Sunset Way,2025-11-26,700.40,58,qashier,f47c7b7429762b36e882c6eb144d7a0bce43572af0f6bd757edadae279f51f09
9d936497-511c-46a3-b262-806c37485a40,HAC Sunset Way,2025-11-27,688.70,48,qashier,98c925d893fa6bb590de000e0f86bfcb83d19d8b8730345636bc3a3bf8a9fa47
9d936497-511c-46a3-b262-806c37485a40,HAC Sunset Way,2025-11-28,667.90,40,qashier,539acb80b555b8b6f773904dbb8747ed92ae8ee4acbdfd53948ad8d1cfa35958
9d936497-511c-46a3-b262-806c37485a40,HAC Sunset Way,2025-11-29,1100.20,77,qashier,ce3435242f95a44eb90d5e031ee9ef7e942c1c26436ccf11bd092271363f34d0
9d936497-511c-46a3-b262-806c37485a40,HAC Sunset Way,2025-11-30,886.20,55,qashier,be951ddcf169d7af2fbcd6a930c59c512c7f4ecbe81103daaa00b22040f0723a
9d936497-511c-46a3-b262-806c37485a40,HAC Sunset Way,2025-12-01,591.40,41,qashier,9eb3c02e2ab1bf92dd6cae930f64c29da07e404e1c879a3ee56a60fb0dda36f6
9d936497-511c-46a3-b262-806c37485a40,HAC Sunset Way,2025-12-02,591.60,46,qashier,44b5e957a897bf81cb1f1437c7fc231f01f4ccc115c2670ccfe75907bf66e96c
9d936497-511c-46a3-b262-806c37485a40,HAC Sunset Way,2025-12-03,594.90,41,qashier,2b1afd279f3278b9ba6024476b05f1cacd85bbdb178c50f8bf5c325138f8cbea
9d936497-511c-46a3-b262-806c37485a40,HAC Sunset Way,2025-12-04,902.90,48,qashier,edd588ed230271b12d72675de8bcc2ab5496e53f1919372893d6b8807f2beec4
9d936497-511c-46a3-b262-806c37485a40,HAC Sunset Way,2025-12-05,968.85,73,qashier,9c29e136aa9e3a51cbbdf47458bf148a84b17e44d09712f06cddbf1ca0709a6b
9d936497-511c-46a3-b262-806c37485a40,HAC Sunset Way,2025-12-06,1330.75,77,qashier,a6dbdd91e43048faedeea20d28fbd6a9febc9630de1a4022b7bb72c707c6625c
9d936497-511c-46a3-b262-806c37485a40,HAC Sunset Way,2025-12-07,973.30,51,qashier,8780b0f7fc4412e6e9c53f934edc06a51b69dfe21fdce71ad44f8d1b76e2213d
9d936497-511c-46a3-b262-806c37485a40,HAC Sunset Way,2025-12-08,368.10,31,qashier,b02478109ab19368749b1f48f1fffc9ec910d11a683dcbadfa2f0283b4234a7a
9d936497-511c-46a3-b262-806c37485a40,HAC Sunset Way,2025-12-09,730.10,46,qashier,fd9c1e4cf2f10f16ad387469652a222803d6c7582649092217c2f09af7ca9a90
9d936497-511c-46a3-b262-806c37485a40,HAC Sunset Way,2025-12-10,510.10,35,qashier,0603498568c2b42f58ddf7091eb8bede1ff5c0bb164d804db68a655c14febe43
9d936497-511c-46a3-b262-806c37485a40,HAC Sunset Way,2025-12-11,580.80,48,qashier,f7be3b745889f16ae9e5622ad9b31410cb8ad2c103a8f8fe8c1480b52549f0a2
9d936497-511c-46a3-b262-806c37485a40,HAC Sunset Way,2025-12-12,602.65,37,qashier,5062955175a44afe511ed580767e92fba34800ebf1b6c2e8435b9cb5c6ce325a
9d936497-511c-46a3-b262-806c37485a40,HAC Sunset Way,2025-12-13,840.30,46,qashier,223b8b890059f2d438d149b20ccd3065a056eccebc8933abbe43e5954674fbc4
9d936497-511c-46a3-b262-806c37485a40,HAC Sunset Way,2025-12-14,826.00,51,qashier,a0f56a971837654d1769fa5a6eb49b43b96b87ea2f8ba49b2849a7dc41aa969d
9d936497-511c-46a3-b262-806c37485a40,HAC Sunset Way,2025-12-15,420.30,33,qashier,ded6d87e615a3a7500aebc1e47b3dc8df03b58900b2c7593bbb1de51f24b737b
9d936497-511c-46a3-b262-806c37485a40,HAC Sunset Way,2025-12-16,498.60,35,qashier,735deed67d8aa3e80ee8473eeaf69f91aa12a322f7e5c018dce29f9470881ad5
9d936497-511c-46a3-b262-806c37485a40,HAC Sunset Way,2025-12-17,562.30,36,qashier,7ec9d9f7eebc644228927aa74720a35ec1407b652be93b44198a97ee994a0c40
9d936497-511c-46a3-b262-806c37485a40,HAC Sunset Way,2025-12-18,824.55,66,qashier,6603de3331a81cbce180f84f6d63602108e3ef41c553aad6c5badf18a5431387
9d936497-511c-46a3-b262-806c37485a40,HAC Sunset Way,2025-12-19,1031.70,60,qashier,2632f0ef8908d956c21b2d648deb8a8523baa2d73d95bc29872406c6a9fcdf5c
9d936497-511c-46a3-b262-806c37485a40,HAC Sunset Way,2025-12-20,1057.70,61,qashier,0596b0ed990e58505982ffd04e56e2a046ddeccebef20c056bf973dbf5666381
9d936497-511c-46a3-b262-806c37485a40,HAC Sunset Way,2025-12-21,1005.35,61,qashier,4318a7b848e397d18d1bf6721b88307653b36f1d01ab662b4f905a54980a91ad
9d936497-511c-46a3-b262-806c37485a40,HAC Sunset Way,2025-12-22,703.30,57,qashier,5b1a9ed514f3d2e5bbb578c2fb61d56c23373db7941e779f4b8d1701af78188a
9d936497-511c-46a3-b262-806c37485a40,HAC Sunset Way,2025-12-23,908.31,55,qashier,d252a815cd15b26c2df2164f98474866f7ea572ee3ae01b92c0de8d4ab4065a9
9d936497-511c-46a3-b262-806c37485a40,HAC Sunset Way,2025-12-24,1423.75,71,qashier,cd53a9a6aaf924ae177bbe64fde0396e27a7bf921256bdf54ac56d853b99b0cf
9d936497-511c-46a3-b262-806c37485a40,HAC Sunset Way,2025-12-25,1394.75,70,qashier,b94099837548e1d44c4d25200a6c0b78bc492488445be5240ef8acd37238bb10
9d936497-511c-46a3-b262-806c37485a40,HAC Sunset Way,2025-12-26,693.15,41,qashier,9cbdb44bdcaca70ee730a19bf3ebedd3870c228c9e87e272c098067fc68d11a6
9d936497-511c-46a3-b262-806c37485a40,HAC Sunset Way,2025-12-27,1019.20,61,qashier,c95dc13b92a203283fb767e40db1c1e7f48c92f9f0ea7b04da280a8318e59733
9d936497-511c-46a3-b262-806c37485a40,HAC Sunset Way,2025-12-28,1198.35,73,qashier,e31aa0546176891a5552bf62c4c5dc4162e83140962dab0818daa689f453d738
9d936497-511c-46a3-b262-806c37485a40,HAC Sunset Way,2025-12-29,684.30,38,qashier,fad8700fc4116a6beb379f3e9fabf7a82b59c7646dde674440a60814e2f69f20
9d936497-511c-46a3-b262-806c37485a40,HAC Sunset Way,2025-12-30,844.65,58,qashier,616c00da73e8e71d414cc783f7ca8232e03dc9bf85c3407c60dfd51bde1c2844
9d936497-511c-46a3-b262-806c37485a40,HAC Sunset Way,2025-12-31,1763.50,100,qashier,8c05760af151ad39bb1f3f3c7ab539bf842b5f51a43c8c36a9d5aa452cd50e3f
9d936497-511c-46a3-b262-806c37485a40,HAC Sunset Way,2026-01-01,906.75,56,qashier,10ffe31fb27dab5fc3324b2291bd0f97b774413d5281ec720fc0744399962233
9d936497-511c-46a3-b262-806c37485a40,HAC Sunset Way,2026-01-02,698.40,54,qashier,3cabae43dd2a929f7cc99f1f7280ea71ef4d33c908eca8045ecd7332fb92e3c4
9d936497-511c-46a3-b262-806c37485a40,HAC Sunset Way,2026-01-03,1232.40,76,qashier,466596b8e84d50f0c305be25e9571719a3f68393704f80d33f225347f6f7225d
9d936497-511c-46a3-b262-806c37485a40,HAC Sunset Way,2026-01-04,1019.30,61,qashier,ebafc6d9f1a4185adbdbb4b2669334a587864a15f9a17b1dce7e19507f055ff4
9d936497-511c-46a3-b262-806c37485a40,HAC Sunset Way,2026-01-05,646.20,40,qashier,dd4fc74655aa1dc4db55ec14bece90b170edc0fc676ddfc62891847508dab6ef
9d936497-511c-46a3-b262-806c37485a40,HAC Sunset Way,2026-01-06,506.40,43,qashier,d32b47f8fc66fe1a70afe2941b52119524918af19e75c2463b723ef0f7214538
9d936497-511c-46a3-b262-806c37485a40,HAC Sunset Way,2026-01-07,453.40,45,qashier,8760b2888af621604570b409b2ef2c89432f6b5ef7a60a751e857a13a5581494
9d936497-511c-46a3-b262-806c37485a40,HAC Sunset Way,2026-01-08,371.40,24,qashier,c9e6ea551c633ad36f7c8d8cba2cd03046edcea52011c8eb1063b99bbc1aeb8a
9d936497-511c-46a3-b262-806c37485a40,HAC Sunset Way,2026-01-09,1024.90,63,qashier,c42ff35dbebc47b49a810a49619ca44cd79c740b317478b45b3479c57623d4e7
9d936497-511c-46a3-b262-806c37485a40,HAC Sunset Way,2026-01-10,1519.40,87,qashier,28eae066caf45a01f93a14e7d62e3ba623219d096644a7fb859106ca2592a71b
9d936497-511c-46a3-b262-806c37485a40,HAC Sunset Way,2026-01-11,1047.50,72,qashier,c73f6d97704c9bc29d898cc5a96ae6c722fbd49e63aa0577327cdfa254c57311
9d936497-511c-46a3-b262-806c37485a40,HAC Sunset Way,2026-01-12,535.70,45,qashier,1311099a52eb8a26f15f55536001137efad4e8bfdc2c95486f4d434f164724b7
9d936497-511c-46a3-b262-806c37485a40,HAC Sunset Way,2026-01-13,398.70,33,qashier,9e4aa4bcfaa0be2c3f10809830d6b125a8152ec14d80aefb348d41e1ae65e11f
9d936497-511c-46a3-b262-806c37485a40,HAC Sunset Way,2026-01-14,427.20,35,qashier,3fed20e9401d6745b18d7651d37e3820d1fc49e8a8cf49fc50e79a62849c286b
9d936497-511c-46a3-b262-806c37485a40,HAC Sunset Way,2026-01-15,712.10,45,qashier,a0c502719aad7cf3f4d969b17c2a95315a5d549f631062bf827dec1880b8b87f
9d936497-511c-46a3-b262-806c37485a40,HAC Sunset Way,2026-01-16,820.90,58,qashier,e5059457ad9684a076d0c909ce83a49d3785f472bb446322c8385ce759a06701
9d936497-511c-46a3-b262-806c37485a40,HAC Sunset Way,2026-01-17,1124.50,69,qashier,6809185ed93470bdc4c222185964687e97c5428d46847146e2622a2e766f67a0
9d936497-511c-46a3-b262-806c37485a40,HAC Sunset Way,2026-01-18,1002.70,65,qashier,643721a1e3515d52d432be68c07e83327102f1e2643d559c11bdac4e69c70091
9d936497-511c-46a3-b262-806c37485a40,HAC Sunset Way,2026-01-19,479.20,37,qashier,88ca772df07c1b0a98a460bc22ff29cee0fd9b8c6c251bbbd0165cfe4c36bd34
9d936497-511c-46a3-b262-806c37485a40,HAC Sunset Way,2026-01-20,465.00,33,qashier,e0643d9cf8ef3809b8bf9c1ec3bcd5e22d03a185e92b18140c69609b5a0908fb
9d936497-511c-46a3-b262-806c37485a40,HAC Sunset Way,2026-01-21,408.00,29,qashier,ea1f949b3e0a3cf43ce50777441e59bdfd73fca2e96bc264dd280967dabcb51d
9d936497-511c-46a3-b262-806c37485a40,HAC Sunset Way,2026-01-22,313.80,30,qashier,11012e4ce81c11b1710d15d2ba4ddfe45a0ce2d92842f55911387aa3464c5f66
9d936497-511c-46a3-b262-806c37485a40,HAC Sunset Way,2026-01-23,921.10,68,qashier,68d85a6f87e49c9b8e622fd4bff4658113573844282d5bef30969730ae182d10
9d936497-511c-46a3-b262-806c37485a40,HAC Sunset Way,2026-01-24,1297.50,81,qashier,2f571b3b4ace493693a41a6ec444b13c0b4caa61076f3b35a2a7f32e8f022fa1
9d936497-511c-46a3-b262-806c37485a40,HAC Sunset Way,2026-01-25,1300.30,78,qashier,2c5726d373935d645ef0affb4e2a0712b47c0a66e4415b58710c9ee8eddb459b
9d936497-511c-46a3-b262-806c37485a40,HAC Sunset Way,2026-01-26,400.20,28,qashier,52dfcbf635b4370801328dcdd5c06a223946dcc74a3b227bc1d1e1e7a1ae56a6
9d936497-511c-46a3-b262-806c37485a40,HAC Sunset Way,2026-01-27,674.00,51,qashier,4770c2d5446de1919d22a488c11c57a7dadeef84029c728671c09d4a5c424901
9d936497-511c-46a3-b262-806c37485a40,HAC Sunset Way,2026-01-28,589.90,47,qashier,edbd5ac1843acf94b16788b46f05e06b00692bafc109b2fc93fda807139ec44e
9d936497-511c-46a3-b262-806c37485a40,HAC Sunset Way,2026-01-29,532.00,38,qashier,b8c6a84a87b69ac1aaba897def0b596d65f15d48ba4479d35dc8c0033c47a977
9d936497-511c-46a3-b262-806c37485a40,HAC Sunset Way,2026-01-30,843.90,62,qashier,a1d618d69bf50c6c9ff6dd4c611bcf4d632c3d30cf80c62256132c4e7f159d68
9d936497-511c-46a3-b262-806c37485a40,HAC Sunset Way,2026-01-31,1221.40,88,qashier,d24def07dcdbec700ffc67ec7646450591580ceddb24f1b6131456d7d58add0b
9d936497-511c-46a3-b262-806c37485a40,HAC Sunset Way,2026-02-01,1097.70,67,qashier,a42a0864106705733d630c9aaaa77faca9ea1ceedb2e26ca37e557b2585dd153
9d936497-511c-46a3-b262-806c37485a40,HAC Sunset Way,2026-02-02,471.90,31,qashier,a5f9b217bf0979fa46c27ca00dcb1f53aa8b6d3a46e0fdabd36b9e4f579d98e5
9d936497-511c-46a3-b262-806c37485a40,HAC Sunset Way,2026-02-03,503.30,37,qashier,6bb844c6b987ac43f97d3bc845c178546d945184ef6eb974b24675664aef4576
9d936497-511c-46a3-b262-806c37485a40,HAC Sunset Way,2026-02-05,542.70,38,qashier,1bb386c064429c42d7701b38eb15f0b97c66fe6adb82eb7fd418fabb30252c65
9d936497-511c-46a3-b262-806c37485a40,HAC Sunset Way,2026-02-06,784.20,51,qashier,1381c9d1dc16bd45ba885d166cc69b40b7abd4f8d9e945325b7aac6751a099aa
9d936497-511c-46a3-b262-806c37485a40,HAC Sunset Way,2026-02-07,1427.70,96,qashier,ac60a58982ed1bbe127307fcd6063b3d7a9138f4097168e5ccdd668e5b658ee1
9d936497-511c-46a3-b262-806c37485a40,HAC Sunset Way,2026-02-08,1255.74,75,qashier,f9847622644e3128b19d965a27e7355bd7b9bad8c90440993b8e91d3b3144806
9d936497-511c-46a3-b262-806c37485a40,HAC Sunset Way,2026-02-09,568.10,39,qashier,3000d26a672cd414e73b1c82834a068ba39d895ef91dbb6ff5094b5360a85ee1
9d936497-511c-46a3-b262-806c37485a40,HAC Sunset Way,2026-02-10,560.90,42,qashier,772a51b4983e5b4f819ccd4c3b3df9891da3f4204cf1ad1fdffe40b06b21582c
9d936497-511c-46a3-b262-806c37485a40,HAC Sunset Way,2026-02-11,589.40,45,qashier,a8b6771e1897951a820b75d869379afff7030698dd79c4adcefe825088b3764e
9d936497-511c-46a3-b262-806c37485a40,HAC Sunset Way,2026-02-12,493.50,37,qashier,67116899cb413d0be8c5550af6ac085f2d13fe4cade660427d740ff192d7b729
9d936497-511c-46a3-b262-806c37485a40,HAC Sunset Way,2026-02-13,862.00,66,qashier,940dfe7c5b8d027ab059bcf0c411785029f4c8726dfbee09d1b15bbc1b3b92ed
9d936497-511c-46a3-b262-806c37485a40,HAC Sunset Way,2026-02-14,1626.40,103,qashier,a4eecf371f3cbbb5582e4ec1d7f62de20e42c5eac586b4d3a8370270b20053c8
9d936497-511c-46a3-b262-806c37485a40,HAC Sunset Way,2026-02-15,1491.20,83,qashier,6095352f064f648fc29987a3b42a750fb7fdc1eb21f6be7c288863306ea9b7fb
9d936497-511c-46a3-b262-806c37485a40,HAC Sunset Way,2026-02-16,0.00,0,qashier,13e906104a0ae1d50f984d5fdbf0b951ebbfbd59fb8c0b165789698e991b9ab4
9d936497-511c-46a3-b262-806c37485a40,HAC Sunset Way,2026-02-17,0.00,0,qashier,88423e5496c7932eabf1207d706f94f426bcea8af614b5ba46f9de1517bb75ea
9d936497-511c-46a3-b262-806c37485a40,HAC Sunset Way,2026-02-18,0.00,0,qashier,c41c6a2d3f173738c6e09c6d45816bd1096dec5f1502aee266ede92d6e252e3f
9d936497-511c-46a3-b262-806c37485a40,HAC Sunset Way,2026-02-19,465.90,30,qashier,da530ee26422678dd10f4af6db7aac0f7d3859449bada0524d2f04f70b1f7e55
9d936497-511c-46a3-b262-806c37485a40,HAC Sunset Way,2026-02-20,1005.40,63,qashier,89a489c1b407f18c6efbcb280c4dd07ceafe2567a7ef1bb3f483ef6066658302
9d936497-511c-46a3-b262-806c37485a40,HAC Sunset Way,2026-02-21,1226.20,67,qashier,f0f342fc5ba308ae875b62d2ad8ae4a7e90731f543a60b9b38c0a79770ebb17b
9d936497-511c-46a3-b262-806c37485a40,HAC Sunset Way,2026-02-22,1402.70,82,qashier,3dd69c6f33fce0a0b331a2ca06075813b197d5682c95e6d0d69edbc53b6d0942
9d936497-511c-46a3-b262-806c37485a40,HAC Sunset Way,2026-02-23,499.30,39,qashier,5023469e5e223e3a5ab45ffba9c19815899d3c5f89fa1db8a9a3156a66a812ac
9d936497-511c-46a3-b262-806c37485a40,HAC Sunset Way,2026-02-24,449.50,34,qashier,6a6dda940da5265dfc894d3087922564a4fd5b579d381c904e07d4035775af17
9d936497-511c-46a3-b262-806c37485a40,HAC Sunset Way,2026-02-25,416.80,39,qashier,e1079ef10144118d20d573d84345ee22cdb7975cf30c9ca6de07cf959c3aa0d0
9d936497-511c-46a3-b262-806c37485a40,HAC Sunset Way,2026-02-26,605.30,54,qashier,99974572c7b18ebcd68e73b04ba84dab116526eff5c8aa5a4188c17a8a1c8284
9d936497-511c-46a3-b262-806c37485a40,HAC Sunset Way,2026-02-27,915.70,58,qashier,a8a411af6e6395055189ce9ff47c1c5e270c03f1f3f6331cc03d496fc6e4fd1b
9d936497-511c-46a3-b262-806c37485a40,HAC Sunset Way,2026-02-28,1327.90,83,qashier,16cfdda7f0e4f9e319050b02a4ac3e836e51eeef60746f16dd357ade774b9480
9d936497-511c-46a3-b262-806c37485a40,HAC Sunset Way,2026-03-01,1419.00,80,qashier,d7e4e033f8487b2b5865f1dd6e374365f70716fb85ae94bd0c18b522dca95769
9d936497-511c-46a3-b262-806c37485a40,HAC Sunset Way,2026-03-02,471.80,38,qashier,83e0c658ad507ff1eeec96a8292ab6c9416c8da2e47c67deb2bf75188a7d5c04
9d936497-511c-46a3-b262-806c37485a40,HAC Sunset Way,2026-03-03,413.80,28,qashier,57926a008bb7fbaabff07808e8cadb028ed954bab47d8f79ebf90f7bf8eeb2b6
9d936497-511c-46a3-b262-806c37485a40,HAC Sunset Way,2026-03-05,537.90,43,qashier,1a7ca6992a588594dd212bee446efc8bd552ab9919d213d421b7e89af1077489
9d936497-511c-46a3-b262-806c37485a40,HAC Sunset Way,2026-03-06,731.00,59,qashier,4a500d8c7b88c19a13a42c419980e4f9f66bc493f117b47603ef6b462f386909
9d936497-511c-46a3-b262-806c37485a40,HAC Sunset Way,2026-03-07,1261.60,87,qashier,0d667534a9e333e8cc6d563886a0cee8432f5f0ace12399ac939b4e4e569ed8d
9d936497-511c-46a3-b262-806c37485a40,HAC Sunset Way,2026-03-08,1090.50,69,qashier,8a4575565807c7bc52dbe88dd00147726f0fcdf3b898611bcdc2b8c72e566529
9d936497-511c-46a3-b262-806c37485a40,HAC Sunset Way,2026-03-09,477.80,39,qashier,ded8dfb14950adc75b677095ce316d0ef37a85df53fd6a762249a7409052af93
9d936497-511c-46a3-b262-806c37485a40,HAC Sunset Way,2026-03-10,704.20,44,qashier,ef2d6f33eeea86ebdc428e65465e4a7d17087b14268e19ae6b151e6d363d38cd
9d936497-511c-46a3-b262-806c37485a40,HAC Sunset Way,2026-03-11,649.60,50,qashier,79759ce9a6070b4a35cfa1e03a507beeecedd7919808bd775e8db63fd7f63633
9d936497-511c-46a3-b262-806c37485a40,HAC Sunset Way,2026-03-12,565.00,41,qashier,210593e3ad00d5122b708f47fa550caffa7318cf21f5578aa965fe8c43285957
9d936497-511c-46a3-b262-806c37485a40,HAC Sunset Way,2026-03-13,979.60,79,qashier,1afd5ced150675295fe1d56449dd49deb44a77f378858977faef492025a17152
9d936497-511c-46a3-b262-806c37485a40,HAC Sunset Way,2026-03-14,1741.20,94,qashier,2847b8640eba746c2a55baf486d95ebb55a43af311a391fe80307cbe2313471f
9d936497-511c-46a3-b262-806c37485a40,HAC Sunset Way,2026-03-15,1008.00,62,qashier,eb5c18b6a0ca033ce31e13a93e95a5282725731aa4703857768ca6a9448b32b2
9d936497-511c-46a3-b262-806c37485a40,HAC Sunset Way,2026-03-16,575.50,34,qashier,f10716321a84fc4077d690607e04ffb1ec3dc15241ac7adb4a34bbd33053e97a
9d936497-511c-46a3-b262-806c37485a40,HAC Sunset Way,2026-03-17,739.30,55,qashier,13b9144b2e071b200558aee798a9d9f7b7f67f6c14685f6a7eecdaf50f02c75f
9d936497-511c-46a3-b262-806c37485a40,HAC Sunset Way,2026-03-18,661.20,47,qashier,3cd109727fd55a21da92a6367e1ddbb472227d47f4f1a2ed45ec88d3f988c0b2
9d936497-511c-46a3-b262-806c37485a40,HAC Sunset Way,2026-03-19,655.60,45,qashier,d9dd0e309f98b919cf3fad43f0a933a5558afd622d56ef972316316a2951e5bf
9d936497-511c-46a3-b262-806c37485a40,HAC Sunset Way,2026-03-20,1169.90,81,qashier,0591e40b1a9ae130b913dfc2056803790cf2ce32cae7bf5478c2fa9390991fd4
9d936497-511c-46a3-b262-806c37485a40,HAC Sunset Way,2026-03-21,1502.10,88,qashier,a6dc90f7e1cb2c206fd43935bb99237a95097be83aeb2281c6160867661c99a3
9d936497-511c-46a3-b262-806c37485a40,HAC Sunset Way,2026-03-22,1341.00,95,qashier,0ade79866371ce8a774acbba55b42aa9e65ddb7657bab24341ba886228945dc5
9d936497-511c-46a3-b262-806c37485a40,HAC Sunset Way,2026-03-23,700.30,48,qashier,4c224a238c572eb7f30357efef2736ec6406f2d05aeee765e090c1420cc935bc
9d936497-511c-46a3-b262-806c37485a40,HAC Sunset Way,2026-03-24,489.60,36,qashier,c3fd82bb3fe953b5525dfeed24999e6e9dd9a5fe737d2319cb20ca9e63fd08db
9d936497-511c-46a3-b262-806c37485a40,HAC Sunset Way,2026-03-25,489.30,33,qashier,7d88fb1882f87c258e94bc2e7a2cc9632ec5dabaf1effd58ebcff22b192aef53
9d936497-511c-46a3-b262-806c37485a40,HAC Sunset Way,2026-03-26,639.80,45,qashier,717611266c05d51b32427d26d7f9e62c67b8b17fceba1cd92f2e59f8e9ff64d1
9d936497-511c-46a3-b262-806c37485a40,HAC Sunset Way,2026-03-27,1153.40,77,qashier,c8bc903d143319b16048bd610f4570a1964f7443a8084cc5b086ccac0ea33b71
9d936497-511c-46a3-b262-806c37485a40,HAC Sunset Way,2026-03-28,1210.10,77,qashier,79243912f4243599ac9b03de78416b42d6c40186550916a9ecaff57db325a29c
9d936497-511c-46a3-b262-806c37485a40,HAC Sunset Way,2026-03-29,1205.70,81,qashier,f6611c4bdaa3201941c010f9cdaed6a49962be3686d025131cbbba4e2538cf0c
9d936497-511c-46a3-b262-806c37485a40,HAC Sunset Way,2026-03-30,445.10,32,qashier,5022e69401bc1fade9cb31bbe1d8140784d319a5086559c60a2458f36c3c1ccc
9d936497-511c-46a3-b262-806c37485a40,HAC Sunset Way,2026-03-31,405.90,33,qashier,ac1784d89a2309739ae3aefbfa98d619cce9482df89d6935005fd7ab17c9787a
9d936497-511c-46a3-b262-806c37485a40,HAC Sunset Way,2026-04-01,587.90,50,qashier,e61ac0f5c87d61501143574a6932bd84450dc02619b9fb61bce1d12bc589f168
9d936497-511c-46a3-b262-806c37485a40,HAC Sunset Way,2026-04-02,1274.20,73,qashier,c44c19f6f5bf2001a84969988cf451cc0ce3da0a9b716d60772b9645f05c9ee0
9d936497-511c-46a3-b262-806c37485a40,HAC Sunset Way,2026-04-03,1905.40,107,qashier,95429414640ecc0cf6596493436269c74ff0b517215897c3272ae69b1afa13cb
9d936497-511c-46a3-b262-806c37485a40,HAC Sunset Way,2026-04-05,1239.90,76,qashier,d486d0f877f2ef2d1b1b5bbaff4e90adf570656d8a306265ef245cca7c532ee9
9d936497-511c-46a3-b262-806c37485a40,HAC Sunset Way,2026-04-06,509.10,30,qashier,79b3bff31b51dfef75d8e3f406db5ffc16d3e4936ec256005711afbd2fe22847
9d936497-511c-46a3-b262-806c37485a40,HAC Sunset Way,2026-04-07,421.30,33,qashier,7b66a64f8e23bfe9cc96c987a8b7fa33047bf465a32d0a7ef4e49c21bfb01c98
9d936497-511c-46a3-b262-806c37485a40,HAC Sunset Way,2026-04-08,601.00,45,qashier,42b28e3b538b68758ac8b3ca06a2351ad4094853d00cb111a5047c43d62631cb
9d936497-511c-46a3-b262-806c37485a40,HAC Sunset Way,2026-04-09,604.70,44,qashier,88208f4617315a6bc3be26118f654d158e80f3c69d2bb343c53370dbc0ebcaaf
9d936497-511c-46a3-b262-806c37485a40,HAC Sunset Way,2026-04-10,952.10,68,qashier,f3fd094c47d89e3335604601c9e4a53043eeb4799db1736d31973e731c5e6049
9d936497-511c-46a3-b262-806c37485a40,HAC Sunset Way,2026-04-11,1303.40,84,qashier,34c8f1c39eb022c5b95b320705402e4713e8401d12e431fa72e4e0903b825249
9d936497-511c-46a3-b262-806c37485a40,HAC Sunset Way,2026-04-12,897.50,60,qashier,1203b7d9f75be67225d583cb271a879e6f0d7fa82ebee2caa7e7d50467677580
9d936497-511c-46a3-b262-806c37485a40,HAC Sunset Way,2026-04-13,472.50,36,qashier,1dd4387579cd9927e9b34495a5e277df49eefa055d9f12141cc0c6f79c6aba6d
9d936497-511c-46a3-b262-806c37485a40,HAC Sunset Way,2026-04-14,625.50,50,qashier,a90ee217ef89a144323cd0b498778fab95f1568fc30f7a374cb048d61fb39948
9d936497-511c-46a3-b262-806c37485a40,HAC Sunset Way,2026-04-15,474.30,39,qashier,c5d4d00c432441e5779288766f58f280ff80908d4f0f66c2cc6e5e2964cbdd7d
9d936497-511c-46a3-b262-806c37485a40,HAC Sunset Way,2026-04-16,522.20,35,qashier,bdc36b4187311f48a1b6243135d4578f48cc4359c0455cbe5111807b7e030f6a
9d936497-511c-46a3-b262-806c37485a40,HAC Sunset Way,2026-04-17,976.70,63,qashier,3305df6bfa6af70ce24f7df09bbe573cbda125785bf88815c1c249060246f46d
9d936497-511c-46a3-b262-806c37485a40,HAC Sunset Way,2026-04-18,1491.80,85,qashier,ef4b8ef6278cc0ce227efc949452d7f77c2096e8569a8ea35d1364182ac3ffaf
9d936497-511c-46a3-b262-806c37485a40,HAC Sunset Way,2026-04-19,878.10,46,qashier,ca8359589a7a30cee332ad1389cd01396d7102a438c98aec85290519c979fe08
9d936497-511c-46a3-b262-806c37485a40,HAC Sunset Way,2026-04-20,564.90,43,qashier,9f2016cad8ab16a7cfa76c7cafafca728b614294b4abc3c53f92555f2f2f4279
9d936497-511c-46a3-b262-806c37485a40,HAC Sunset Way,2026-04-21,409.50,37,qashier,bec5e4b4a48407808bd29d10f48a1217ab91a19bc20de15867eb16edaa407292
9d936497-511c-46a3-b262-806c37485a40,HAC Sunset Way,2026-04-22,378.70,28,qashier,963a823c8cf6e8494d9b4b4e2338c8df349afc148fa3693f1801b93dac465167
9d936497-511c-46a3-b262-806c37485a40,HAC Sunset Way,2026-04-23,620.00,42,qashier,a5a53e3ac57600f54353cc19ff32523b65a9e3b45a4961d868c056254c35c739
9d936497-511c-46a3-b262-806c37485a40,HAC Sunset Way,2026-04-24,1079.80,72,qashier,bffad3492cf0383b625f9d05249852698b028f92bed4c855630254846f6d4680
9d936497-511c-46a3-b262-806c37485a40,HAC Sunset Way,2026-04-25,1413.10,88,qashier,477571fb17ae7c57f07aff878305ee3db168b30bcaaeac84798b418892ec6eb6
9d936497-511c-46a3-b262-806c37485a40,HAC Sunset Way,2026-04-26,895.70,65,qashier,17061fe192a90ce2e1a55f37274187c1ced9b121fee45d238e4e1023dca604b5
9d936497-511c-46a3-b262-806c37485a40,HAC Sunset Way,2026-04-27,537.70,38,qashier,05bdac0d398041d21b21cd0c5d08162114153528c8fb1c507b2eefc23aaaee99
9d936497-511c-46a3-b262-806c37485a40,HAC Sunset Way,2026-04-28,640.00,52,qashier,b7dce9fe2c2be7b17e0242313f77661433fbf9fd7d6def892d9f1fbceb653da8
9d936497-511c-46a3-b262-806c37485a40,HAC Sunset Way,2026-04-29,628.70,45,qashier,0f52ae38d17020f82a00c5d971021a54e8aed959300cbe589e3f3313e4df1f64
9d936497-511c-46a3-b262-806c37485a40,HAC Sunset Way,2026-05-05,400.00,39,qashier,aaaab0844bd39ffc2c0800c3837a4e9c35f90f6a099c1225b58d759e38f1e442
9d936497-511c-46a3-b262-806c37485a40,HAC Sunset Way,2026-05-06,604.00,42,qashier,4856fa6ac78c98ef5b9cda04085da3111a3347df3ac6d4aeaac056884712ab7b
9d936497-511c-46a3-b262-806c37485a40,HAC Sunset Way,2026-05-07,676.30,44,qashier,09aad7b5891e79df7f32c380c38d09123d6f140338023d52159aeece7ecd3316
9d936497-511c-46a3-b262-806c37485a40,HAC Sunset Way,2026-05-08,942.90,70,qashier,ea28cd4e72d00d3c7f96ebe79d95042ece0cf8957af78a094d37debed0d2ba74
9d936497-511c-46a3-b262-806c37485a40,HAC Sunset Way,2026-05-09,1263.80,77,qashier,9c9d88e5a3b8ac5e082fc86bcb2c08f31f3dbd1ffaf710554508736cf5c4b09c
9d936497-511c-46a3-b262-806c37485a40,HAC Sunset Way,2026-05-10,1468.60,80,qashier,11975ec0b9e971ca4e2de97e74c94b2b8a6759a11c26e2fc8bbe407c276667ef
9d936497-511c-46a3-b262-806c37485a40,HAC Sunset Way,2026-05-11,441.00,32,qashier,c3d90b75edb8423a977e2daaf3b831a46cbc1ee8247a763c6413e41a64efbba1
9d936497-511c-46a3-b262-806c37485a40,HAC Sunset Way,2026-05-12,686.80,52,qashier,52c4929d46f41892ce6d2b057b77067801a4fa6708ccdedd120376a125a712b0
9d936497-511c-46a3-b262-806c37485a40,HAC Sunset Way,2026-05-13,641.70,44,qashier,e6f9a2100d69b6164822080efa2387db092c81372c3f3df98062850b2a1215a2
9d936497-511c-46a3-b262-806c37485a40,HAC Sunset Way,2026-05-14,677.90,47,qashier,7880e6ae4520b16e836527fc6e8c732d0f6a4c1ca1cc6f7a65d31f388b472738
9d936497-511c-46a3-b262-806c37485a40,HAC Sunset Way,2026-05-15,1067.20,65,qashier,a9de8dccfc362eac04a4993b1b8f7c9721d837691fe21b44d13058bfcf6a0313
9d936497-511c-46a3-b262-806c37485a40,HAC Sunset Way,2026-05-16,1312.50,78,qashier,2b8c3c10998f0da18c205c6897f76fa422cf890c0312b487dea9c9df9f45bad5
9d936497-511c-46a3-b262-806c37485a40,HAC Sunset Way,2026-05-17,1160.40,71,qashier,28e7de8e2b78b93aad3d1619d6340b7acfc1024c792bb52b2501b00b44685d52
9d936497-511c-46a3-b262-806c37485a40,HAC Sunset Way,2026-05-18,431.40,37,qashier,19cc832b906b91cf8a96087b52844f1ce5172b676f754ff0f95f23bddeca94f1
9d936497-511c-46a3-b262-806c37485a40,HAC Sunset Way,2026-05-19,519.40,52,qashier,4a539f1fb23e6cc3427397705f87e1df20d446b52db26d008527a2fa8acd9144
9d936497-511c-46a3-b262-806c37485a40,HAC Sunset Way,2026-05-20,625.90,42,qashier,e75a3bff42fe0296cf2161b832738daa9cf76d2de34f8fc536d5e3d0871a1b88
9d936497-511c-46a3-b262-806c37485a40,HAC Sunset Way,2026-05-21,529.60,33,qashier,84b17c3a649b36de3c4b2c651046a9067d7fd46bd26714e51ab2ebe8b3f4397f
9d936497-511c-46a3-b262-806c37485a40,HAC Sunset Way,2026-05-22,834.90,59,qashier,b584e8bda6fe12dfc9cf658421502f5373312bb56a3754609803676770e146aa
9d936497-511c-46a3-b262-806c37485a40,HAC Sunset Way,2026-05-24,1238.60,72,qashier,ecdc1d478a94104e825780f7b88a99497dadd8daef7e62c8e0d7f97bc211a5cc
9d936497-511c-46a3-b262-806c37485a40,HAC Sunset Way,2026-05-25,493.00,38,qashier,3666d571f65c1d7e4883d21fd9925eb71c82c720d6a342fd3722e966d455e075
9d936497-511c-46a3-b262-806c37485a40,HAC Sunset Way,2026-05-26,1115.40,71,qashier,23d6f1f60371a7b62020cf151c7496ee269e5045092335182e4208fe86149f77
9d936497-511c-46a3-b262-806c37485a40,HAC Sunset Way,2026-05-27,1304.60,84,qashier,9f2cc1d137f7981946467370f32bd74a97313b1d77672a3ea6724f594211e889
9d936497-511c-46a3-b262-806c37485a40,HAC Sunset Way,2026-05-28,330.80,27,qashier,13585cd260af30bdba0e3733319b4d25460a3eb37ca7f5b6ede5e1f40dd91c2e
9d936497-511c-46a3-b262-806c37485a40,HAC Sunset Way,2026-05-29,771.80,45,qashier,b488527665cb89c424c850a51a85d5b2ae5efb93c544185023ffd78e7f6d7895
9d936497-511c-46a3-b262-806c37485a40,HAC Sunset Way,2026-05-30,1404.80,77,qashier,953f49c10dee1f4eccdc401d4f9f4310688aa682e3ecad73e5d2c02633e6e7e2
9d936497-511c-46a3-b262-806c37485a40,HAC Sunset Way,2026-05-31,1085.00,64,qashier,38eef67b1e6a726bde225cca74fff7839cb16234ce3d03f7857d427353411126
9d936497-511c-46a3-b262-806c37485a40,HAC Sunset Way,2026-06-01,1128.80,71,qashier,25361c574986725dacfc0cc3094f628faaf09e572d8d2839aa553791f62431f9
9d936497-511c-46a3-b262-806c37485a40,HAC Sunset Way,2026-06-02,495.90,35,qashier,c82cce4ca0c7b420af0cd4061a038d2ca98ae447d204f03b1acf06a735dbf07e
9d936497-511c-46a3-b262-806c37485a40,HAC Sunset Way,2026-06-03,554.90,38,qashier,b7c7b38d1586f93e8519aa8a9afb4d1c43eabbe87d81c1daa9d85ea0a498e64a
9d936497-511c-46a3-b262-806c37485a40,HAC Sunset Way,2026-06-05,679.10,51,qashier,66cdee6b5371f9db373b417012e176034ed561f3243c714ca9cdeb009ac593d4
9d936497-511c-46a3-b262-806c37485a40,HAC Sunset Way,2026-06-06,982.50,62,qashier,a1e597214850f18e01888d98b2b5a0c1dc7d47645700a7169ed392eec2545051
9d936497-511c-46a3-b262-806c37485a40,HAC Sunset Way,2026-06-07,1161.40,72,qashier,0d123520ea91ce70e6777b0ab7fb4a4d8ba4d18fdfefa046021d236a88dd3db5
9d936497-511c-46a3-b262-806c37485a40,HAC Sunset Way,2026-06-08,478.60,33,qashier,ca8ef12c900e24d12dbcf57e4a25120da1e3d8ef3a614112630d7059d06ff3d8
9d936497-511c-46a3-b262-806c37485a40,HAC Sunset Way,2026-06-09,539.30,37,qashier,472eddf6a16710abacad9f7d445dbf1606c37961f6c95e8a1b37b5e392f6e3c7
9d936497-511c-46a3-b262-806c37485a40,HAC Sunset Way,2026-06-11,517.00,38,qashier,180f17363be984e02659b605bcdeb64ece7dee69b93ce520169eeb17a1e0bae4
9d936497-511c-46a3-b262-806c37485a40,HAC Sunset Way,2026-06-12,997.40,62,qashier,1a77ae2af3f210c1d15392b57b064a17fcef0e0ed3d6eb6fde4747549528797d
9d936497-511c-46a3-b262-806c37485a40,HAC Sunset Way,2026-06-13,1339.20,72,qashier,6a417ba390eac68b33caca2ebc2c851996266b1abc7c0dcf061d235520ae16a7
9d936497-511c-46a3-b262-806c37485a40,HAC Sunset Way,2026-06-14,745.30,61,qashier,efcc97f823c2fac9fb11313a74c73b9c9c1f54dcef0a3a6ee6fb397f308c80d3
9d936497-511c-46a3-b262-806c37485a40,HAC Sunset Way,2026-06-15,855.00,35,qashier,63618a11a5191932cddd150609a988197155f936d05cd4179bb733d3896f8633
9d936497-511c-46a3-b262-806c37485a40,HAC Sunset Way,2026-06-16,549.30,36,qashier,5c722889e2e2b09a0c11d050652405f8a0dc8e36041c7cc7e71e1176ac3c2ac3
9d936497-511c-46a3-b262-806c37485a40,HAC Sunset Way,2026-06-17,467.90,36,qashier,5517d079dcf835f5b0a86614fa5ebd3eedc084e3097b2a791e984d45a952558c
9d936497-511c-46a3-b262-806c37485a40,HAC Sunset Way,2026-06-18,560.40,37,qashier,7eafa78c3c2a770b9eda5e8f158eae145d32714d11eb8f4f6b828e44403397a0
9d936497-511c-46a3-b262-806c37485a40,HAC Sunset Way,2026-06-19,957.90,63,qashier,3b9ed9fada1fd9aa85afe9aba3425defbb42612f8558eaf70350282ca1086eae
9d936497-511c-46a3-b262-806c37485a40,HAC Sunset Way,2026-06-20,1196.00,70,qashier,2ed718ce1bcf142e93e4bd4daf0044e209658ce3841e9c8f3080f84bdf3c10c1
9d936497-511c-46a3-b262-806c37485a40,HAC Sunset Way,2026-06-21,1540.10,85,qashier,8992f8a132e30b8cdd1a0c9179e965f063b146cc8558fe095614471737df1146
9d936497-511c-46a3-b262-806c37485a40,HAC Sunset Way,2026-06-22,642.20,42,qashier,4fe7247f1b06bb6a9556c10b4f16b5590f6b89d6a573c1afb35e000a6ed3a4dc
9d936497-511c-46a3-b262-806c37485a40,HAC Sunset Way,2026-06-23,767.00,51,qashier,95c0cce2e20e5a7a20b285e08cf971225511b8e1f571a5bf1dcc9e74bb0dc713
9d936497-511c-46a3-b262-806c37485a40,HAC Sunset Way,2026-06-24,625.30,37,qashier,2d703e09db2366db7cb340a67fe600dc30ca77d0dc474f2c680ed11869d688cc
9d936497-511c-46a3-b262-806c37485a40,HAC Sunset Way,2026-06-25,904.80,55,qashier,4bcd6991e08d62e996a0d306554ec4030bb1383f3f161b436de9ede10780d2db
9d936497-511c-46a3-b262-806c37485a40,HAC Sunset Way,2026-06-26,900.50,61,qashier,0252dec091c11fae9925cb099a116e6ffdb6d4d7a1613b8cf18bf0e2f98a744f
9d936497-511c-46a3-b262-806c37485a40,HAC Sunset Way,2026-06-27,1125.90,67,qashier,4cf2ae78a8cf4965f1c6677d6c4eb9980be61ea91eb262aac5bd11b1056cc40b
9d936497-511c-46a3-b262-806c37485a40,HAC Sunset Way,2026-06-28,948.70,66,qashier,13bd2bd9b057e6f3c4371e16d979dda0f90cc9ce1cfe1e3d24096e49922a91d6
9d936497-511c-46a3-b262-806c37485a40,HAC Sunset Way,2026-06-29,391.30,30,qashier,84972accfa1e54a142ca2371fea60585cbff4440dbf5a534686139d81fec6030
9d936497-511c-46a3-b262-806c37485a40,HAC Sunset Way,2026-06-30,528.60,32,qashier,324cc610bd9ed9b213de6ac4317335421a18dd88e3fed49b2f3d33160d0a0001
9d936497-511c-46a3-b262-806c37485a40,HAC Sunset Way,2026-07-01,738.80,51,qashier,4037222e22aaddb87d9ca7023041537206618379966b0bdd1fa48e873b9c25ea
9d936497-511c-46a3-b262-806c37485a40,HAC Sunset Way,2026-07-02,581.60,42,qashier,d815c44dd954cdb340709150a994f7c30dc085063808a2799ece382c00473c3e
9d936497-511c-46a3-b262-806c37485a40,HAC Sunset Way,2026-07-03,1141.10,70,qashier,460058765a4678e52be1398d03164692382e15d9db54e2b2843caa467ba34bcd
9d936497-511c-46a3-b262-806c37485a40,HAC Sunset Way,2026-07-05,1097.50,76,qashier,905acd4633d3a6ffdb730a852a1a937031676fa792af0e3dd4a3a578f1298df5
9d936497-511c-46a3-b262-806c37485a40,HAC Sunset Way,2026-07-06,424.60,35,qashier,feac328758ae3672d3a0399a3dddcccf90343b3aed76d103e695139de9488e0a
9d936497-511c-46a3-b262-806c37485a40,HAC Sunset Way,2026-07-07,674.30,44,qashier,d0371e7157741f93b876c6666e75e5d2e8699f5e244db071f5711d2fc3f13ba5
9d936497-511c-46a3-b262-806c37485a40,HAC Sunset Way,2026-07-08,587.60,36,qashier,f5bff809316a3aeb29bdf11231222acb0a954ca8912553a6e969370d0e1419c7
9d936497-511c-46a3-b262-806c37485a40,HAC Sunset Way,2026-07-09,527.20,41,qashier,b56ba783c83a11a1b842973c9976aea97d1f622e390b16c78a2b7e69cd1e725b
9d936497-511c-46a3-b262-806c37485a40,HAC Sunset Way,2026-07-10,1040.10,74,qashier,a9a9157699b21f1055a1fb3bf50369a315d7c06590eb7f7ea3ced70882184af2
9d936497-511c-46a3-b262-806c37485a40,HAC Sunset Way,2026-07-11,1041.50,69,qashier,05313729b16cac2b30036e96b3ed2fa37eb84568e5ba4a28515021a47e32fe67
9d936497-511c-46a3-b262-806c37485a40,HAC Sunset Way,2026-07-12,906.50,56,qashier,8a8a5a24f4a0f0bfc1a0a55548e14ed4b8a34aec0a047d2581368fa81e6f93a2
9d936497-511c-46a3-b262-806c37485a40,HAC Sunset Way,2026-07-13,474.10,40,qashier,08ad626e2f52d563acbfb947229901412bcd8577ed4771c14091e5f97195688f
9d936497-511c-46a3-b262-806c37485a40,HAC Sunset Way,2026-07-14,591.90,44,qashier,65fc18555e04dfa3b5a42aaa992f8446ce706ac2820f377b5416ccd6c6dc3d1c
9d936497-511c-46a3-b262-806c37485a40,HAC Sunset Way,2026-07-15,763.60,53,qashier,f898eb3d13ef547b5584eab180aa2b2c1d3b37b6ba6d91ccae50c51cb4f6ad23
9d936497-511c-46a3-b262-806c37485a40,HAC Sunset Way,2026-07-16,655.60,46,qashier,97d13d096d36c4722f4e1fdc93df47a25a205b52a4c2373fa4d8f0b19829c616
9d936497-511c-46a3-b262-806c37485a40,HAC Sunset Way,2026-07-17,1000.10,59,qashier,fd885f6f0f5eab062d6dce99a47dc6539b44684a14c430b9cb6658d1981665bc
9d936497-511c-46a3-b262-806c37485a40,HAC Sunset Way,2026-07-18,1159.90,74,qashier,ba7e11d08509978c72f727d2b644f07c0942e77061dbdd6ff4dc3a42c139b6f1
9d936497-511c-46a3-b262-806c37485a40,HAC Sunset Way,2026-07-19,1598.10,92,qashier,655ed10567d0643aa4c463c134dfd3c7fe432cdb30ea39f53b37f30a1af30e3b
9d936497-511c-46a3-b262-806c37485a40,HAC Sunset Way,2026-07-20,343.70,32,qashier,41c368475c3419df3158a894cc500dcd6f8566a8bcd0cd7c75221e14e83e370b
9d936497-511c-46a3-b262-806c37485a40,HAC Sunset Way,2026-07-21,603.90,46,qashier,050cb67a9819636cae0d8657f3e4d8c8bbc37ee0b98b9d918cfcc4c8ffcdf6a1
9d936497-511c-46a3-b262-806c37485a40,HAC Sunset Way,2026-07-22,428.70,30,qashier,9b066612b154947182692fa4caeb4ed5d271476b1950e9dcf88eef76b135a9d8
9d936497-511c-46a3-b262-806c37485a40,HAC Sunset Way,2026-07-23,628.80,46,qashier,70da1eae41a0ed947697a063e7f9141864c7e8c0a504b43d987a5d9fb035c0d5
9d936497-511c-46a3-b262-806c37485a40,HAC Sunset Way,2026-07-24,1120.20,66,qashier,bdbbff216a6e7cff2e5bfc48e4d03583a2bfe61ccb03b43d85a25dc815e19e1a
9d936497-511c-46a3-b262-806c37485a40,HAC Sunset Way,2026-07-25,1128.10,75,qashier,14ba695e191a8f32c829332e4b301503cdeccf442539b3701dea457eb720b215
9d936497-511c-46a3-b262-806c37485a40,HAC Sunset Way,2026-07-26,881.50,65,qashier,f6fb0cc11d36d92b269db75f161523bbf0a8223b3803fb180d44e533a3f55572
9d936497-511c-46a3-b262-806c37485a40,HAC Sunset Way,2026-07-27,494.60,44,qashier,5022db8c6dc8ad0e0b73596e924c51720ff53f1d37c90c3773c8bfd0b476d357
9d936497-511c-46a3-b262-806c37485a40,HAC Sunset Way,2026-07-28,605.10,44,qashier,12ef767a1772e4e520807a3c53e188c55528ae8fd7aef1381cebd53cbd3d3b28
9d936497-511c-46a3-b262-806c37485a40,HAC Sunset Way,2026-07-29,573.30,39,qashier,017603229b549053bab444e5e42f94a1762288e9b4866d301828836b49d69e66
9d936497-511c-46a3-b262-806c37485a40,HAC Sunset Way,2026-07-30,558.90,41,qashier,e3b90fb147748af43b6524eb2e6e0d422812dc2100d461668461a670e94284e4
9d936497-511c-46a3-b262-806c37485a40,HAC Sunset Way,2026-07-31,885.10,63,qashier,4479d4251c034a3a2c417e8793843874c42d07756c356b31758ecd6af84f0b14
9d936497-511c-46a3-b262-806c37485a40,HAC Sunset Way,2026-08-01,1199.10,76,qashier,ef4d94ce7262edc42b84e340515c4fe70e66a9bc381a05853be6bedca0a76d6d
9d936497-511c-46a3-b262-806c37485a40,HAC Sunset Way,2026-08-02,1308.30,86,qashier,dcf2b87756154ac4a19a30f4ba4c62b0d813ade7c08db1b6871ad90ecc77946f
9d936497-511c-46a3-b262-806c37485a40,HAC Sunset Way,2026-08-03,450.20,37,qashier,9b0e5b8be8e49636f069531efe3e6eba1f6546c25bfffad3c0e20d7567ce1dca
9d936497-511c-46a3-b262-806c37485a40,HAC Sunset Way,2026-08-05,621.90,51,qashier,bd077d2c151ccc3cdbb531f0994c72eec41aa5f82c01b73e0c38d1093ed1e60e
9d936497-511c-46a3-b262-806c37485a40,HAC Sunset Way,2026-08-06,867.40,63,qashier,bf21e4ff335289e29bbbf1d25d5678ec5c7c7ec51846d0100b78dd555ed58862
9d936497-511c-46a3-b262-806c37485a40,HAC Sunset Way,2026-08-07,1191.40,75,qashier,6f20a4e9c664c96db4b004a768adccbfe5daae724c93d31ed5e0b77fd2144332
9d936497-511c-46a3-b262-806c37485a40,HAC Sunset Way,2026-08-08,1797.80,106,qashier,9faa3936b9ed321456f68dc589f0e6284b2eb6295bb3d8703147220e016f4109
9d936497-511c-46a3-b262-806c37485a40,HAC Sunset Way,2026-08-09,1601.00,79,qashier,c6b8b5071d3e3033cebe5b11923f835dc7095c6732c24a7433ee41c64a3d2b6e
9d936497-511c-46a3-b262-806c37485a40,HAC Sunset Way,2026-08-10,1517.50,81,qashier,e8af8a4fe33c47b8da926a4d5e7264a8ae6ef9460a85532e9600130853ab9500
9d936497-511c-46a3-b262-806c37485a40,HAC Sunset Way,2026-08-11,591.70,37,qashier,56404257ac793de198921b6912e9764ecc77857ca97549916bdbc2f94290b1ae
9d936497-511c-46a3-b262-806c37485a40,HAC Sunset Way,2026-08-12,453.40,38,qashier,f71b90a00c2326ca70f9959fd217a15145f2847d8097697372c1202efccb0969
9d936497-511c-46a3-b262-806c37485a40,HAC Sunset Way,2026-08-13,800.80,60,qashier,cb6685f0e55a7ba2fc1027b49f997b2140445dfadb5bb3500ed9d527a153d87c
9d936497-511c-46a3-b262-806c37485a40,HAC Sunset Way,2026-08-14,965.10,67,qashier,a5dc23a01517b449a52fd396cc9305cf59e6b2ab1d1f0ecad264c41688fe1091
9d936497-511c-46a3-b262-806c37485a40,HAC Sunset Way,2026-08-15,1263.10,79,qashier,34df7bd8c6a11711f19f9d6c0f0d819e6d2aace43f088e1e60b9f9d5608e1f66
9d936497-511c-46a3-b262-806c37485a40,HAC Sunset Way,2026-08-16,900.40,63,qashier,8807eb404e5744f82be75b6bd8acfc67e367ad2bc2ca49101f4a6c20e27bef09
b29fc9ca-ade6-4869-bb36-0db319092343,HAC Tampines,2025-06-26,957.50,61,qashier,425431212d88082770cb754882c2ad626042b7aa70848c88db9a106fe9dcb592
b29fc9ca-ade6-4869-bb36-0db319092343,HAC Tampines,2025-06-27,1202.30,82,qashier,c45b1eacc4bfc470536e60b9f3c1a0278db3d642e9221a53d2195e400127bbae
b29fc9ca-ade6-4869-bb36-0db319092343,HAC Tampines,2025-06-28,1569.30,98,qashier,d0ac4ee0c19991f74bab5fb9743a2b5e78790543b9727efffb5379979cbd69df
b29fc9ca-ade6-4869-bb36-0db319092343,HAC Tampines,2025-06-29,1406.80,82,qashier,6e45433c1b58f95da827d47208a5de9cccdeeb07c79e6c75144c851812c87251
b29fc9ca-ade6-4869-bb36-0db319092343,HAC Tampines,2025-06-30,666.00,53,qashier,de59168bedd517a280a8f1c4d18ae79fe6eb2c3ae5ab7cc996a88b5456671bf9
b29fc9ca-ade6-4869-bb36-0db319092343,HAC Tampines,2025-07-01,779.40,55,qashier,486d4ede8ed9b026c42e199f184522c62e909c685aff84078ce40e1e5e6a12af
b29fc9ca-ade6-4869-bb36-0db319092343,HAC Tampines,2025-07-03,791.40,65,qashier,ecc2c7625e5cd93e337b80b70dc5c8485e0d19193b6ce3217ff9074185be592f
b29fc9ca-ade6-4869-bb36-0db319092343,HAC Tampines,2025-07-04,878.80,65,qashier,e491fe16b1e7c5dd77f7e5c2953d8e14fff42fb76d4103956fec630b609e21de
b29fc9ca-ade6-4869-bb36-0db319092343,HAC Tampines,2025-07-05,1635.20,102,qashier,7f530f4f5d682e3c96dab1b358a4db1e5c468f1e6e0fe90fbac96ebb4fccf96c
b29fc9ca-ade6-4869-bb36-0db319092343,HAC Tampines,2025-07-06,1712.08,111,qashier,0206b47212b962b025cd0833473c980759db1e5be10ff187c82d38771bb6b554
b29fc9ca-ade6-4869-bb36-0db319092343,HAC Tampines,2025-07-07,845.60,59,qashier,629bb6a25159b724564cf9a3fd685d206db20c0ccd6ce1d1aefd674d9195f67b
b29fc9ca-ade6-4869-bb36-0db319092343,HAC Tampines,2025-07-08,883.70,69,qashier,9600f6ed023a67bdca0758313a783fa3078a2911272b470b2396de01ec99db07
b29fc9ca-ade6-4869-bb36-0db319092343,HAC Tampines,2025-07-09,721.10,48,qashier,bf32ec90c42e4a9cea570c5923184afb4f4ecd6f8b3d0f947e1fd0b9c9bf683d
b29fc9ca-ade6-4869-bb36-0db319092343,HAC Tampines,2025-07-10,819.60,58,qashier,9efc8ffdd0a8ebc719b11394b41f9c296dc573fb83998af169ab239dd6bd82d1
b29fc9ca-ade6-4869-bb36-0db319092343,HAC Tampines,2025-07-11,1764.54,118,qashier,d6b58258c9e43a0ba177add2717c3bccc6867fec8ed636ade6f584f39b4e1d30
b29fc9ca-ade6-4869-bb36-0db319092343,HAC Tampines,2025-07-12,1341.70,82,qashier,4d21ae00209183fe17afe2b0436971fcf79b479bf2a2666e384f1b816f6b4bc9
b29fc9ca-ade6-4869-bb36-0db319092343,HAC Tampines,2025-07-13,1665.70,111,qashier,4be421402112542a7e4fce80d328d2f2c0a16c83c95f1b8cb8d77d5312a39485
b29fc9ca-ade6-4869-bb36-0db319092343,HAC Tampines,2025-07-14,736.00,50,qashier,b575ca523d296410652c4668b30b5ec34e74b8c0e743cf37c887556ee1f99cab
b29fc9ca-ade6-4869-bb36-0db319092343,HAC Tampines,2025-07-15,719.90,51,qashier,78f0a8883e07ac531019bc13f7140d0191bb59d606b3c4596072c6f04838fff5
b29fc9ca-ade6-4869-bb36-0db319092343,HAC Tampines,2025-07-16,882.90,71,qashier,b62c96262719243b582d543aeee3a3b5b7e42490708a22247672314a1df6886b
b29fc9ca-ade6-4869-bb36-0db319092343,HAC Tampines,2025-07-17,765.90,63,qashier,7b5c8508353947bc7071928c74b46f4133b9560649e006233bdf81bb465c97c4
b29fc9ca-ade6-4869-bb36-0db319092343,HAC Tampines,2025-07-18,1186.80,91,qashier,f61a221772b40f2d46df3a763e6bad04452314daae8c4c5142c7d62c2d5a5733
b29fc9ca-ade6-4869-bb36-0db319092343,HAC Tampines,2025-07-19,1553.60,98,qashier,fb378f4206dd4d0ec89657b74a8e9b869f54703b56444e0934c80abaf1fcec17
b29fc9ca-ade6-4869-bb36-0db319092343,HAC Tampines,2025-07-20,1387.80,82,qashier,a561691b39f33777588a664f2aa259144fdafd0e470cb6d9435f95a0845b6f4e
b29fc9ca-ade6-4869-bb36-0db319092343,HAC Tampines,2025-07-21,609.70,52,qashier,2b60cadfd22a94882d8c5e6a3494e74704e33d9391f44858cef9dd2f6688c68e
b29fc9ca-ade6-4869-bb36-0db319092343,HAC Tampines,2025-07-22,941.60,64,qashier,31924f61d3afd74e10126989376f1636a139ac207f9a7040d08dd15b7f12baf0
b29fc9ca-ade6-4869-bb36-0db319092343,HAC Tampines,2025-07-23,1040.70,77,qashier,7ba89752ea11b970d7cb255f55b70e6fb2512c174d7ead53d983761beae3792e
b29fc9ca-ade6-4869-bb36-0db319092343,HAC Tampines,2025-07-24,862.70,58,qashier,146cd4e55fc09e5dd8d81adf5aa9e752f7f87731ff7e73dfd0979ebe5851d0c2
b29fc9ca-ade6-4869-bb36-0db319092343,HAC Tampines,2025-07-25,1526.44,111,qashier,e0e4ffbf2e03aeaf0d6766fbab815fd872d364be797ee165e5a2a4efa1486d5c
b29fc9ca-ade6-4869-bb36-0db319092343,HAC Tampines,2025-07-26,2000.00,118,qashier,566d973b783e928b3f96e64bae06632c08247a7b457215e85ccf71ba1d76eb94
b29fc9ca-ade6-4869-bb36-0db319092343,HAC Tampines,2025-07-27,1829.20,99,qashier,2642642976cd4c9b0f2f60d8b579c98508dcf55c8af9187c08e9578006a60b26
b29fc9ca-ade6-4869-bb36-0db319092343,HAC Tampines,2025-07-28,1076.60,74,qashier,d9f4ab84d0c78c04787ddb05cb0f9f9a5290d2db494e1b1d4d6c60391297f19c
b29fc9ca-ade6-4869-bb36-0db319092343,HAC Tampines,2025-07-29,970.90,70,qashier,4850d2f939479d85efc4a74df39312554a7f2394c60491649e782fe80948727e
b29fc9ca-ade6-4869-bb36-0db319092343,HAC Tampines,2025-07-30,552.10,46,qashier,c988ad1e9a10b814be045811138c68d7e5ebe4ae421dffe21a495d528e5f1670
b29fc9ca-ade6-4869-bb36-0db319092343,HAC Tampines,2025-07-31,1224.80,91,qashier,8fbb9b476647b4c4e83751cdaead0616416a934a1404a07d50ccc84844767c45
b29fc9ca-ade6-4869-bb36-0db319092343,HAC Tampines,2025-08-01,1708.55,110,qashier,b13949a36963db5807471505011f4a4698d765d19485640872a98d33be0cefef
b29fc9ca-ade6-4869-bb36-0db319092343,HAC Tampines,2025-08-02,1960.65,114,qashier,bf3ddae0edbd56eedd96d799a567a2e8ff2d620b45b6bc8ca2f2b39bc906b941
b29fc9ca-ade6-4869-bb36-0db319092343,HAC Tampines,2025-08-03,1982.95,119,qashier,a696374f97d3e5490b0ef7199ecd0e6aabf4099ed079776a664e59ea1e7e908d
b29fc9ca-ade6-4869-bb36-0db319092343,HAC Tampines,2025-08-04,1063.45,68,qashier,43b305c8f82a03021ce8d657ae0d0c796cfa0b5f63bb3cdebafc083bc7ba7b4a
b29fc9ca-ade6-4869-bb36-0db319092343,HAC Tampines,2025-08-05,817.50,65,qashier,4813c2967892c8051d2704c782edd7fd624695592b1d8527ad02f463e323f180
b29fc9ca-ade6-4869-bb36-0db319092343,HAC Tampines,2025-08-06,945.10,71,qashier,325905b6722ade3e8b4b9737cb7b43dc48e0005fc7007d3acc8709decac9f475
b29fc9ca-ade6-4869-bb36-0db319092343,HAC Tampines,2025-08-07,1109.00,81,qashier,2f411ab71e8734ce5609285da6a8e2d03732ebd3bb94995f09179bd5bfe1d974
b29fc9ca-ade6-4869-bb36-0db319092343,HAC Tampines,2025-08-08,1948.55,118,qashier,6c52db2bbfbf5f60a03c6b8d3a53154b3c49884791d1a22bb0807ff601a27043
b29fc9ca-ade6-4869-bb36-0db319092343,HAC Tampines,2025-08-09,1721.05,107,qashier,b10b74433fb1c1125eb5ab5c4a4f1b7deeb50c1bcb7d04e287bb71407e4b7ae0
b29fc9ca-ade6-4869-bb36-0db319092343,HAC Tampines,2025-08-10,2093.75,133,qashier,a1effbccddd7fb3245deb9690ba2aa33bb77b5e7e1d2f8eda70867301aa0e875
b29fc9ca-ade6-4869-bb36-0db319092343,HAC Tampines,2025-08-11,997.40,69,qashier,16578f3280b85c922ab72da4213c781c07ea08d5c32ed5fa8d9f343a427f995b
b29fc9ca-ade6-4869-bb36-0db319092343,HAC Tampines,2025-08-12,839.60,58,qashier,6dc4e327e0260fcb4f74c65f8a7121e534db95dacd7ca9ce80ed18f8267dbac9
b29fc9ca-ade6-4869-bb36-0db319092343,HAC Tampines,2025-08-13,1138.84,77,qashier,fe099e3c3a6ef49ac318c9b73444a8576172cb167737007ebf621cfe2dbf7035
b29fc9ca-ade6-4869-bb36-0db319092343,HAC Tampines,2025-08-14,938.00,78,qashier,d11e9b3aba6619f3eb05d00421b7b9e4e77710bce0906b4a35b28dfcfae3e35b
b29fc9ca-ade6-4869-bb36-0db319092343,HAC Tampines,2025-08-15,1650.20,112,qashier,fdc3f63e8bfb42de0c11af5702da29f003024c9ce3fc5793c99e408a4a1c556d
b29fc9ca-ade6-4869-bb36-0db319092343,HAC Tampines,2025-08-16,1763.00,115,qashier,daf13fb2fa2f93e481aa438c7f0df97d51a8bd0c287f87866ab67bde1a6e212e
b29fc9ca-ade6-4869-bb36-0db319092343,HAC Tampines,2025-08-17,1615.60,101,qashier,89af8b080208ef5986cf2f868fbbd8002dbebaf972de0ca7222823cfa0bafc43
b29fc9ca-ade6-4869-bb36-0db319092343,HAC Tampines,2025-08-18,762.60,56,qashier,a7d09fb0b1c6b5e724334f12aa2fceaea718f83e0452d4f4a0d024377db754a0
b29fc9ca-ade6-4869-bb36-0db319092343,HAC Tampines,2025-08-19,1144.38,77,qashier,1139c86b64d661eae5c3989b92df59a1faf422ed7760c1c8ae68e5ed132e4c29
b29fc9ca-ade6-4869-bb36-0db319092343,HAC Tampines,2025-08-20,736.60,65,qashier,b16f83a5c1facc1260b08a28b612d7bd2cbf14a105db35d404601893da90554b
b29fc9ca-ade6-4869-bb36-0db319092343,HAC Tampines,2025-08-21,1045.66,83,qashier,b808841711ad213378f708284dded75e0713022713b92ec08dfceb074d7273e9
b29fc9ca-ade6-4869-bb36-0db319092343,HAC Tampines,2025-08-22,1491.80,107,qashier,3f98648e63cebbe8d8cc1869d6df5b2dac9a96e63ff3656d591e945d2317ac82
b29fc9ca-ade6-4869-bb36-0db319092343,HAC Tampines,2025-08-23,2318.90,122,qashier,df13cce508703937cdbc47421a63047fc83fc64e8d5155631702a960355f4d47
b29fc9ca-ade6-4869-bb36-0db319092343,HAC Tampines,2025-08-24,1893.60,111,qashier,d9d012d2fc93f288b532532bd154a97372cb10117bcd2b0796b980d8301ea376
b29fc9ca-ade6-4869-bb36-0db319092343,HAC Tampines,2025-08-25,993.64,70,qashier,ec7c7fc59a7050bc555d6dac2ce9711be581b2af60697833f68283bddefbb434
b29fc9ca-ade6-4869-bb36-0db319092343,HAC Tampines,2025-08-26,783.20,58,qashier,d831bf0fae091a5d2abdc44ebac710c952c3ff9b283de9543f4db8436b7f7f12
b29fc9ca-ade6-4869-bb36-0db319092343,HAC Tampines,2025-08-27,769.00,59,qashier,290c27b4f09722d365e91ac363072b70dd59bc8b9554b0b457bfc05dc2902b6b
b29fc9ca-ade6-4869-bb36-0db319092343,HAC Tampines,2025-08-28,848.40,58,qashier,8a95e5303e1c150bd587672713db8543af57ca52edc561785696123923a951f0
b29fc9ca-ade6-4869-bb36-0db319092343,HAC Tampines,2025-08-29,1511.20,105,qashier,00ad9a1d15402fe0d8425146b70fc046fba8b88c9ad45c93e1177ebf17573a14
b29fc9ca-ade6-4869-bb36-0db319092343,HAC Tampines,2025-08-30,1405.10,92,qashier,df24c5f321802f68baa987ddf18f4f52b45512e16c0a84244162794e41fb6ebf
b29fc9ca-ade6-4869-bb36-0db319092343,HAC Tampines,2025-08-31,1712.48,116,qashier,aa247c95398cf1f8487147f999ea5091f84e1d8f2c33289351189a7d02ace8e8
b29fc9ca-ade6-4869-bb36-0db319092343,HAC Tampines,2025-09-01,620.70,43,qashier,6422fea22c4661b9b74bf03ac1229eb2a06facd3f5087d2aee2390acd5ea5505
b29fc9ca-ade6-4869-bb36-0db319092343,HAC Tampines,2025-09-02,692.00,50,qashier,a21d86571f812949505dbe5c688d70fb75f60bcc4f6a7f1fce5123742bbbe80d
b29fc9ca-ade6-4869-bb36-0db319092343,HAC Tampines,2025-09-03,578.20,49,qashier,452b20b658ad66bbd1ac2ff5cc48f9914e28dff3ab081d6ee99a132e2974860f
b29fc9ca-ade6-4869-bb36-0db319092343,HAC Tampines,2025-09-04,791.70,54,qashier,38282f2d45bb3f4bd23bb86d44519b473f9a3f5ee5cece662c0cf6bc8a58c985
b29fc9ca-ade6-4869-bb36-0db319092343,HAC Tampines,2025-09-05,1371.00,92,qashier,14ad761b7b6abdfc36000cd5b337eafcc66695fbe71234fe54c361ba0ad4f197
b29fc9ca-ade6-4869-bb36-0db319092343,HAC Tampines,2025-09-06,1937.14,114,qashier,3edf7f40be09c95250151fbf41bcff49d605b4f7b54b7e064452bb130138507f
b29fc9ca-ade6-4869-bb36-0db319092343,HAC Tampines,2025-09-07,1622.20,96,qashier,b98a3b57d22da28bca677ce6fd00c9b0cbff0fa14733e1604c945f69f9575311
b29fc9ca-ade6-4869-bb36-0db319092343,HAC Tampines,2025-09-08,1111.40,75,qashier,0c663d44bdf40056d41fb1a60ea60a82f0958954131ba6fc76f29c88f80eb238
b29fc9ca-ade6-4869-bb36-0db319092343,HAC Tampines,2025-09-09,719.60,47,qashier,e47b5d5b5c1cf8ab97c1314633bdf563ffedff2b102f0237979aa59ba297c191
b29fc9ca-ade6-4869-bb36-0db319092343,HAC Tampines,2025-09-10,1100.00,73,qashier,b435175a41de767144ced7a8f808c91a65539171723b373e14916bcac68b7fb5
b29fc9ca-ade6-4869-bb36-0db319092343,HAC Tampines,2025-09-11,577.20,39,qashier,5be125b76ffdcec3021ad9188b6d1bb60c30902efaac38d53e7026f0e5cba8b2
b29fc9ca-ade6-4869-bb36-0db319092343,HAC Tampines,2025-09-12,1260.90,87,qashier,49b435a4924f970a3b39d50f3a7636f685b8cfbc9f388d66a4a6e2609bc38e94
b29fc9ca-ade6-4869-bb36-0db319092343,HAC Tampines,2025-09-13,1415.00,91,qashier,3bc9516948c1dc0435924dcb46b028fabb8b75d9d175816d4191a8ae38ceb9cc
b29fc9ca-ade6-4869-bb36-0db319092343,HAC Tampines,2025-09-14,1554.20,94,qashier,23dd7de161f6a9f09599d708325fbe1e6bb2433b973aefe64a99520657fda19f
b29fc9ca-ade6-4869-bb36-0db319092343,HAC Tampines,2025-09-15,919.24,76,qashier,7541cad330fbe7360e8de95974f2f835e2bd87fb3a563329c69356bfba54ff46
b29fc9ca-ade6-4869-bb36-0db319092343,HAC Tampines,2025-09-16,900.90,57,qashier,9d64e028ed35e2cc3b323b09c3fb56695821a9bb46a0f6eddce5d0c6bc5dca54
b29fc9ca-ade6-4869-bb36-0db319092343,HAC Tampines,2025-09-17,652.80,47,qashier,cd77dd40d4d402e6acd78652f48267720a60b5f5ecf8fed50b0051b499f82750
b29fc9ca-ade6-4869-bb36-0db319092343,HAC Tampines,2025-09-18,859.80,67,qashier,bd3a62ca5b598e0b587b027647eadb5b4adfa9298cf38b1c6c49e1bcb56cf31d
b29fc9ca-ade6-4869-bb36-0db319092343,HAC Tampines,2025-09-19,1081.10,74,qashier,1885cfe2607c71fb281e7e8d1c874a31fa93b7b268cbd8255f2191122c9555e6
b29fc9ca-ade6-4869-bb36-0db319092343,HAC Tampines,2025-09-20,1907.30,110,qashier,712a67e8375773438b68c5578f940d008ddf3dd1cb2f2f54848cc7081306d0a8
b29fc9ca-ade6-4869-bb36-0db319092343,HAC Tampines,2025-09-21,1156.70,78,qashier,e6fa81aa8273a3f123adef0202fc9a853c7d0ac6c51f7f77ba16d63f614f5647
b29fc9ca-ade6-4869-bb36-0db319092343,HAC Tampines,2025-09-22,600.10,47,qashier,778837c4a0d4b94c038f8626437fa9352eb079da3ddb5a7273c35945c3ec2912
b29fc9ca-ade6-4869-bb36-0db319092343,HAC Tampines,2025-09-23,479.40,40,qashier,ddda4c9d05f72324bbc126d1679e42c227b0b1ab5b074d7b794c04844e7b4cc0
b29fc9ca-ade6-4869-bb36-0db319092343,HAC Tampines,2025-09-24,678.40,53,qashier,cb1674c24e15d7e8deecb468a58cc4028545cc4998fc0ab1bb70d9bc6fc58650
b29fc9ca-ade6-4869-bb36-0db319092343,HAC Tampines,2025-09-25,540.20,40,qashier,77548d63957ed187799318cb5c8bef62bfbbb224b3f21a4b8b2d16a9e65745ea
b29fc9ca-ade6-4869-bb36-0db319092343,HAC Tampines,2025-09-26,1244.34,95,qashier,3ce1e6155ac8103de0cb95412d117a43a27ecdf29e6d4aab90eb081b2d713a87
b29fc9ca-ade6-4869-bb36-0db319092343,HAC Tampines,2025-09-27,1513.00,93,qashier,8c97d3013889ba27a37e59cd034499dac7a8dd4e81fde6ed130ed7b28c48c509
b29fc9ca-ade6-4869-bb36-0db319092343,HAC Tampines,2025-09-28,1476.60,91,qashier,6971aabfe6f14f61d46e5d745bc29af3e32c999a24890a8987681c5628edc95b
b29fc9ca-ade6-4869-bb36-0db319092343,HAC Tampines,2025-09-29,812.68,56,qashier,6f1cf3282aff261820b4c73f509179900a4be4e6f7f8cf2657d3e14ea72bf3f5
b29fc9ca-ade6-4869-bb36-0db319092343,HAC Tampines,2025-09-30,695.70,60,qashier,e2ab808f1c4287dcfd6e560967d9b95b5bd01775ca42a722cf7c38d54d146ac6
b29fc9ca-ade6-4869-bb36-0db319092343,HAC Tampines,2025-10-01,471.80,40,qashier,881d31edc82fb1ae7304773b415a1a2c3b8c7d4cb2d3dda8a24e06ea57ec3b0b
b29fc9ca-ade6-4869-bb36-0db319092343,HAC Tampines,2025-10-02,722.70,58,qashier,a2d8f5250481166520a9778a3faceb95212f141f5dd990cc8d8e572885993bd1
b29fc9ca-ade6-4869-bb36-0db319092343,HAC Tampines,2025-10-03,1283.50,74,qashier,978f357d5d862b53f2f64708bb4c99d5665a22e7a1e850f6037d958cd6d30f03
b29fc9ca-ade6-4869-bb36-0db319092343,HAC Tampines,2025-10-04,1429.80,98,qashier,75d4164d0102eea441839888f38fc553c5e73ec35b74403615186234bbef8432
b29fc9ca-ade6-4869-bb36-0db319092343,HAC Tampines,2025-10-05,1274.74,85,qashier,6ca9e5a1abdd879cfcc5564394672cef2b3463648e3ac771dac963226fe2a7c0
b29fc9ca-ade6-4869-bb36-0db319092343,HAC Tampines,2025-10-06,702.00,50,qashier,8a8c56fdcf9ae437fe0374594194d465e0e61998b24e31190e01869a94aa414e
b29fc9ca-ade6-4869-bb36-0db319092343,HAC Tampines,2025-10-07,892.50,51,qashier,c13293977ac34f5f2136f3aa7bb2aad426f5358c1f127d7d0bbdb2ef4c393fbc
b29fc9ca-ade6-4869-bb36-0db319092343,HAC Tampines,2025-10-08,829.80,53,qashier,7c73a8ed255b0ecc18f2498023d8242dcc7af14ff738f523b95a961d0b4ca424
b29fc9ca-ade6-4869-bb36-0db319092343,HAC Tampines,2025-10-09,669.60,49,qashier,91ff746ae85b1e9485d7ebbb2c2890b28f77ee28ed18ae39dc8ec632a7ea2fee
b29fc9ca-ade6-4869-bb36-0db319092343,HAC Tampines,2025-10-10,1162.10,77,qashier,936f371dba0b1ca4d530f80260ffef599308474ead3d329296a025cc7ea484de
b29fc9ca-ade6-4869-bb36-0db319092343,HAC Tampines,2025-10-11,1750.20,103,qashier,c58e092c15105ad18263fab7a42cf28b34f928f7022b09a8156b7e70e64ee983
b29fc9ca-ade6-4869-bb36-0db319092343,HAC Tampines,2025-10-12,1642.50,112,qashier,70874663a1c3a558acf91d92f6b5d118ffdf9bef95069b24540efad202adaa55
b29fc9ca-ade6-4869-bb36-0db319092343,HAC Tampines,2025-10-13,678.20,49,qashier,dc6647ad51fe93e2328de25dec23779869034459b7873fec94ff193870dd4bad
b29fc9ca-ade6-4869-bb36-0db319092343,HAC Tampines,2025-10-14,702.60,55,qashier,1aab3787f570d9c949ce36917027d2db07aba38df24c67581cc702c89d1f61c4
b29fc9ca-ade6-4869-bb36-0db319092343,HAC Tampines,2025-10-15,918.60,71,qashier,1d223f6742ce18ee9565cc9a920302cc458df5256baa2a61aa04b281be20f84c
b29fc9ca-ade6-4869-bb36-0db319092343,HAC Tampines,2025-10-16,786.30,59,qashier,ddba064e2b14ac45b2bf372a4bc2466895a53cf574ea3765368a81352fb860f0
b29fc9ca-ade6-4869-bb36-0db319092343,HAC Tampines,2025-10-17,1204.80,82,qashier,72bf65652b67b6a44176c829640064ac72f88316987c0a21615fac1a4ec80f20
b29fc9ca-ade6-4869-bb36-0db319092343,HAC Tampines,2025-10-18,1530.80,101,qashier,c8221bc0f67437fcb0c3f33b84bb7a64a9f26eaa97467f81259e52a4b98e2023
b29fc9ca-ade6-4869-bb36-0db319092343,HAC Tampines,2025-10-19,1695.30,90,qashier,8213c09ab797e51b8e83ed9e9c9c49433e27b8309af28adaac1039652d58a7b1
b29fc9ca-ade6-4869-bb36-0db319092343,HAC Tampines,2025-10-20,1780.90,122,qashier,e113a5e2d28dd016a030685d0cb59d2f06feb2dc1a8c9b293614249956e6b4cc
b29fc9ca-ade6-4869-bb36-0db319092343,HAC Tampines,2025-10-21,536.20,43,qashier,7b0aad34f9e480672b8b394269191da52f8039031bddc0980fe4ab91f1e5b3aa
b29fc9ca-ade6-4869-bb36-0db319092343,HAC Tampines,2025-10-22,1035.20,72,qashier,e110b614b88be4b66ddc0242f8869ce73ab6d15fa97d1f24b7031ce070d6c03f
b29fc9ca-ade6-4869-bb36-0db319092343,HAC Tampines,2025-10-23,865.70,69,qashier,9ebdb94994dddded87b0bfe648f78a9e71bdebad791a981b13d037594aa29df6
b29fc9ca-ade6-4869-bb36-0db319092343,HAC Tampines,2025-10-24,1214.50,89,qashier,b9cb4678d61220e737fe085a232e9123b7dd381f076c2743f3649555f17cd370
b29fc9ca-ade6-4869-bb36-0db319092343,HAC Tampines,2025-10-25,1590.18,98,qashier,15d5148f4b2c9bdd2c0ac608dccfbb16d47daeeee021236860d10b916fe5dfe0
b29fc9ca-ade6-4869-bb36-0db319092343,HAC Tampines,2025-10-26,1641.60,108,qashier,97d4cf7cd261a9dbb6bd30b0dc91d062688f3788d5eb502de3c58abf3666563f
b29fc9ca-ade6-4869-bb36-0db319092343,HAC Tampines,2025-10-27,740.80,59,qashier,50f5954b2c8c14387bd7a21fb8efb3dd233f2b1942826e02692fba80b8ff2bb8
b29fc9ca-ade6-4869-bb36-0db319092343,HAC Tampines,2025-10-28,1014.10,77,qashier,35893510007342978dbc1b4a7dd5fb38b37db7a42ff693f5070ff2108f653f9c
b29fc9ca-ade6-4869-bb36-0db319092343,HAC Tampines,2025-10-29,751.90,57,qashier,012e7d1dc51a2aa6468fc78aefe2fdc403975ce0fb2fecb94a23b6a6418e9f00
b29fc9ca-ade6-4869-bb36-0db319092343,HAC Tampines,2025-10-30,945.24,69,qashier,24397579b95f31e7c93c7c98cdb3d14fda9fd6c5795bb40b1e82a1eeb75f040d
b29fc9ca-ade6-4869-bb36-0db319092343,HAC Tampines,2025-10-31,1537.40,96,qashier,0144fe6525f4a010445bf38111fc1b86b0b93f34a79c16d7532a75b2623bf376
b29fc9ca-ade6-4869-bb36-0db319092343,HAC Tampines,2025-11-01,1748.00,102,qashier,8969bb61414eba71fbe37c3c759004a3bfdf3ef2e125dd230adc90aaf22cb546
b29fc9ca-ade6-4869-bb36-0db319092343,HAC Tampines,2025-11-02,1241.90,77,qashier,ec73ed1e303ff9312a6e4b154b2e2dc53058dc4e454a0b14f019e0a937fe1b15
b29fc9ca-ade6-4869-bb36-0db319092343,HAC Tampines,2025-11-03,617.10,49,qashier,d27cf400f4a62d3a1c7fbdd8c370b676ba60c1e13ab7eae0ea25b3bfc105c980
b29fc9ca-ade6-4869-bb36-0db319092343,HAC Tampines,2025-11-04,673.20,53,qashier,bb4d9ea7eeaf2de4ec61bffbcb917176ae023fd842401995ec669496f5b1ac02
b29fc9ca-ade6-4869-bb36-0db319092343,HAC Tampines,2025-11-05,964.50,71,qashier,bcac847cd49f578683dd84a2dcecc0e31079d4e1038ed9dfee233d457c9fa7f4
b29fc9ca-ade6-4869-bb36-0db319092343,HAC Tampines,2025-11-06,1023.58,75,qashier,aeed9ffc9745ffe5af9c4241f37b10320ad91b97e8bc0b4fa688c1e55c688af8
b29fc9ca-ade6-4869-bb36-0db319092343,HAC Tampines,2025-11-07,1101.20,88,qashier,d5adb21e0fb636bed7b0ca5f04202651c2200f065b87e4b307d3f04f273829f3
b29fc9ca-ade6-4869-bb36-0db319092343,HAC Tampines,2025-11-08,1613.80,93,qashier,ce8b355bece927420b3f90d0c82a81a8f77de3782a1991a6ef8f7559cb13877a
b29fc9ca-ade6-4869-bb36-0db319092343,HAC Tampines,2025-11-09,1685.40,104,qashier,70e0bb5a81bb129bb9f1ee89d174cf562f64696c761c43afbe2e2c9ed48255be
b29fc9ca-ade6-4869-bb36-0db319092343,HAC Tampines,2025-11-10,652.70,55,qashier,649e2743e1929ff3989959af1be6e87b73b5bef8d300ffc9a0a68bdb572cb2fe
b29fc9ca-ade6-4869-bb36-0db319092343,HAC Tampines,2025-11-11,654.20,49,qashier,16129b1c1771298de39c6d73d5771365d916da60a2335c425cb761d30ae64563
b29fc9ca-ade6-4869-bb36-0db319092343,HAC Tampines,2025-11-12,499.90,43,qashier,87499b5e2382a98c35d5220d937b2278fe5582d558fc3d41f4c5b0270cacfe84
b29fc9ca-ade6-4869-bb36-0db319092343,HAC Tampines,2025-11-13,632.00,48,qashier,a735aabb6ea44900a385b3be284841b76059cc1fb5c1a80b7ed40c03563f457d
b29fc9ca-ade6-4869-bb36-0db319092343,HAC Tampines,2025-11-14,1048.04,69,qashier,6e4cdad199a71da76b3c8d2506aa2edd77d0aa38a8a1546a74a79e744821c28e
b29fc9ca-ade6-4869-bb36-0db319092343,HAC Tampines,2025-11-15,1155.50,75,qashier,9004dc22d9467c393ff843d09877f324984828e80363ead61b16baff0872003e
b29fc9ca-ade6-4869-bb36-0db319092343,HAC Tampines,2025-11-16,737.90,58,qashier,2e5dba90f3ddcb4b404c3c53a44305113e51e47e311b639e3d36b04009f38b66
b29fc9ca-ade6-4869-bb36-0db319092343,HAC Tampines,2025-11-17,887.10,58,qashier,50d6e400a352c29a308fdf609f070de19ec37d195b656e67dfbd0259246a916a
b29fc9ca-ade6-4869-bb36-0db319092343,HAC Tampines,2025-11-18,545.60,38,qashier,f7e0fb42fcb41b72e548bace945845a553c3cbc988b985cbebb6f6771084eb84
b29fc9ca-ade6-4869-bb36-0db319092343,HAC Tampines,2025-11-19,802.70,55,qashier,35d9a3964b55a57dfd83c8fe34b26813ea23cc4e2ae2aeae465c924daca5d66d
b29fc9ca-ade6-4869-bb36-0db319092343,HAC Tampines,2025-11-20,811.50,62,qashier,18374c5366caffa8c09826d5c07b0c258bcdb91eb3c0cf6dcccfa2e49e871677
b29fc9ca-ade6-4869-bb36-0db319092343,HAC Tampines,2025-11-21,1349.40,97,qashier,169a3944b5a2901ccd8b1f40309648533e3249752211b4277adcf957bcac5e2d
b29fc9ca-ade6-4869-bb36-0db319092343,HAC Tampines,2025-11-22,1384.30,83,qashier,95fc6c7a3b016df76bd84dd28c65405f2a437310c5b944d0204b1fedef5518ac
b29fc9ca-ade6-4869-bb36-0db319092343,HAC Tampines,2025-11-23,1269.10,88,qashier,997df70d46d3801b841378654d632ff70fd8cc6189d28b5c1090ba2d88aff1e2
b29fc9ca-ade6-4869-bb36-0db319092343,HAC Tampines,2025-11-24,860.40,69,qashier,603215e338902db4b0df33e765ff7e5e774a2ea39982df53649b44c626211005
b29fc9ca-ade6-4869-bb36-0db319092343,HAC Tampines,2025-11-25,644.90,56,qashier,d396246b2058404cb1b86ad343baddbb2746d8c972aa43936c1b55887975b5bf
b29fc9ca-ade6-4869-bb36-0db319092343,HAC Tampines,2025-11-26,829.40,63,qashier,a93e9c4580d00bcea469548e8ea31124728aa032fd8cab00e9b991f2b8389156
b29fc9ca-ade6-4869-bb36-0db319092343,HAC Tampines,2025-11-27,706.50,49,qashier,9f4cf21bf90805a13a078534bb13df208a7459d2fdc7efa518edebb14efc7dca
b29fc9ca-ade6-4869-bb36-0db319092343,HAC Tampines,2025-11-28,723.30,54,qashier,cfbab248813ee463eb083bdf93c78540b338497d642d81acb39b86714567818d
b29fc9ca-ade6-4869-bb36-0db319092343,HAC Tampines,2025-11-29,1476.20,94,qashier,81bec72e2f32445903e7c562b6cc6346914752a9dc6bb95bb437c8daaa5e35e5
b29fc9ca-ade6-4869-bb36-0db319092343,HAC Tampines,2025-11-30,1111.70,67,qashier,3278495ec5b0487a074b7ba9b4b89ab0a83cd8d70b296b3945de69b39b4c5002
b29fc9ca-ade6-4869-bb36-0db319092343,HAC Tampines,2025-12-01,803.20,60,qashier,68e330c561e7655909e36f7f4b741fe9bd42415b6179cf3a3fd7fe2d06bffd64
b29fc9ca-ade6-4869-bb36-0db319092343,HAC Tampines,2025-12-02,743.00,53,qashier,bfed65fd9e6ee318a3ce564002b1b08b36b4690c616b528795d94d6c4ae79750
b29fc9ca-ade6-4869-bb36-0db319092343,HAC Tampines,2025-12-03,869.90,63,qashier,83b0b9ed9840f04d446b49012f6bfc66a3e4c7211fc5866a1b522e28c4348b40
b29fc9ca-ade6-4869-bb36-0db319092343,HAC Tampines,2025-12-04,658.70,53,qashier,7f93d7cb713743c08ee9f2653a252e286e81f6391b89e2eba2bfd6a7e09418b7
b29fc9ca-ade6-4869-bb36-0db319092343,HAC Tampines,2025-12-05,1271.15,93,qashier,744cc8c9c507507df646720eeec450eb40732b220a71850b42d0d7ad9157f2a2
b29fc9ca-ade6-4869-bb36-0db319092343,HAC Tampines,2025-12-06,1106.70,75,qashier,541d4ccca7d9d88b6bd8421ca1f0fac09d2b5f467ba2d29113c72e8d3c068da9
b29fc9ca-ade6-4869-bb36-0db319092343,HAC Tampines,2025-12-07,965.20,61,qashier,a3a4bc2ab559b04846718bcaaae50df5a3e3933d8275dc24ed60d7195e88aa68
b29fc9ca-ade6-4869-bb36-0db319092343,HAC Tampines,2025-12-08,652.70,51,qashier,84158775cb19bfc6be7fa6209f607bb33417e5193e58ad7cd500d67cd0573871
b29fc9ca-ade6-4869-bb36-0db319092343,HAC Tampines,2025-12-09,737.35,48,qashier,e4ab468f052be4138f2b48ba16948941fc7f5eda23124790c05615468fbc194a
b29fc9ca-ade6-4869-bb36-0db319092343,HAC Tampines,2025-12-10,638.10,45,qashier,cd573c5642d29df96a1bd36e2e4c653b2eb3a6f8016759e4496f54470f7201d5
b29fc9ca-ade6-4869-bb36-0db319092343,HAC Tampines,2025-12-11,993.95,72,qashier,258d5a63d9e566f2a3501d3d646f8b9e1abf43b6c2734e2d5bfda109c020a070
b29fc9ca-ade6-4869-bb36-0db319092343,HAC Tampines,2025-12-12,928.40,59,qashier,65d87af9f63c93d5b7e6abc8271bff3240d3e4f9b37be9c4282b9bc628257da5
b29fc9ca-ade6-4869-bb36-0db319092343,HAC Tampines,2025-12-13,998.25,63,qashier,03d7dbcd95a34384a8107e82379b341e1c7c3d9126daf85f15ff5859f25a977f
b29fc9ca-ade6-4869-bb36-0db319092343,HAC Tampines,2025-12-14,1436.80,96,qashier,1683e55ca1971d32ec19ce9c950ca5d4ec23c1bee9d605402a0d7c3f212fa15f
b29fc9ca-ade6-4869-bb36-0db319092343,HAC Tampines,2025-12-15,567.20,34,qashier,3d382e6f4d9b3509e549fead97923931752ba0b250828a45dee74f872a6f60b1
b29fc9ca-ade6-4869-bb36-0db319092343,HAC Tampines,2025-12-16,551.10,41,qashier,f6eaf4e94d0d4a0422ef94f4e124efc5e51c420de94a36851ecae7eff7e94ff9
b29fc9ca-ade6-4869-bb36-0db319092343,HAC Tampines,2025-12-17,671.90,50,qashier,956d9641cc38a1f8520abf7f2d4a058726271640a62f23dab726b6ed7215602b
b29fc9ca-ade6-4869-bb36-0db319092343,HAC Tampines,2025-12-18,706.10,48,qashier,262df1db29e3a367ddf76d1853e4f095d3d9dde0aba61dd0095d4afac7fce2c5
b29fc9ca-ade6-4869-bb36-0db319092343,HAC Tampines,2025-12-19,1099.00,73,qashier,8873c82ad0e661488ed324f47e6507ca6189245bb52e1fa39f2e475fcea78db6
b29fc9ca-ade6-4869-bb36-0db319092343,HAC Tampines,2025-12-20,988.40,61,qashier,95fc8b813196510b7f703fd3bb4ef96dddbaa6a678dd2674dee2e85d165c4f38
b29fc9ca-ade6-4869-bb36-0db319092343,HAC Tampines,2025-12-21,1160.60,81,qashier,61a8ef842c8ce844368d109585cb24d7757440861b5a46346be8fc152ad2222a
b29fc9ca-ade6-4869-bb36-0db319092343,HAC Tampines,2025-12-22,1089.15,66,qashier,baee712c52623e80a01d4d747f66fc351db4e25c473ca7ab92ed8a1a699eca7b
b29fc9ca-ade6-4869-bb36-0db319092343,HAC Tampines,2025-12-23,833.80,62,qashier,35f2671bcc349d2696251042060b243dfff2e777d3135add12714e2cb44ba3b5
b29fc9ca-ade6-4869-bb36-0db319092343,HAC Tampines,2025-12-24,1504.75,87,qashier,709484dd173f75f29a660360d3fa35cf9753534202a14af6e7f0a0f3723cbe72
b29fc9ca-ade6-4869-bb36-0db319092343,HAC Tampines,2025-12-25,1450.30,80,qashier,64e5905ea4321090dfd09914ca3cfdb49a30e5241a49d2993f70ebb2c36ea74f
b29fc9ca-ade6-4869-bb36-0db319092343,HAC Tampines,2025-12-26,850.85,56,qashier,63c450542490c6617f556c5f3e4295e9b137c1fff7911c6575486b9412d49cc8
b29fc9ca-ade6-4869-bb36-0db319092343,HAC Tampines,2025-12-27,1429.10,85,qashier,2c41349fa74a992455626c38aefd49cca1d019d5c116de22d1af8bfec2575213
b29fc9ca-ade6-4869-bb36-0db319092343,HAC Tampines,2025-12-28,1211.60,69,qashier,fa371e3fc533c30ef60238626f73ed897cee78e3e06a13142f0536436b448591
b29fc9ca-ade6-4869-bb36-0db319092343,HAC Tampines,2025-12-29,828.75,52,qashier,2e6a89a20b22bf5136be14683d773a4bf99405508ba22bb1d6a3953e9a11400a
b29fc9ca-ade6-4869-bb36-0db319092343,HAC Tampines,2025-12-30,594.40,39,qashier,aa39c9db2eb41851f92163d3065417807a2c8bf246ee5d9bc7e59dd538f66050
b29fc9ca-ade6-4869-bb36-0db319092343,HAC Tampines,2025-12-31,2418.54,131,qashier,812abb7fcd66996be8cd886c5a18619cd626ecd3fb0a37ecbf20e831c20bf106
b29fc9ca-ade6-4869-bb36-0db319092343,HAC Tampines,2026-01-01,1511.55,92,qashier,ba8cbefab5d35eab73dab43bf8cfbb16be70cf4d11bcc71d1a89a7e15596cb14
b29fc9ca-ade6-4869-bb36-0db319092343,HAC Tampines,2026-01-02,1551.15,108,qashier,000bc958ab2b0bd147b4725e150db494958a8975e9ee6ef942289d0583a643b3
b29fc9ca-ade6-4869-bb36-0db319092343,HAC Tampines,2026-01-03,1763.50,119,qashier,6e5abd47fb511963c03d471b5ceafa1c69dcf40b494402f6fddedeeb15da6446
b29fc9ca-ade6-4869-bb36-0db319092343,HAC Tampines,2026-01-04,1009.80,63,qashier,51d21ed024e811cbc2067b915cec633d83d0fe007a27a59c7faa9a368a33cc9d
b29fc9ca-ade6-4869-bb36-0db319092343,HAC Tampines,2026-01-05,810.00,58,qashier,a711329ba6e608d4f53f60cbf455bf936100fa1732effd964b9ae4ba33b05c95
b29fc9ca-ade6-4869-bb36-0db319092343,HAC Tampines,2026-01-06,528.60,46,qashier,aa05ea89f7d1a2957e24443709e7ed7aa6c4a0d04710267cc2360ae2b1caeff7
b29fc9ca-ade6-4869-bb36-0db319092343,HAC Tampines,2026-01-07,577.90,44,qashier,5fa7b6fb4eccbfb50601ffd14c44a7319884dc7c47f49a3924f4064a2e29d25e
b29fc9ca-ade6-4869-bb36-0db319092343,HAC Tampines,2026-01-08,597.60,47,qashier,676a846c86910251b62e0ad3423ea4f9b1c4d66ed139a68bb42b792317fcc538
b29fc9ca-ade6-4869-bb36-0db319092343,HAC Tampines,2026-01-09,1323.40,89,qashier,4a9934c0765f11e664699a810d5a25ed0d2ab8736f7e19b06caaf154a2f13c90
b29fc9ca-ade6-4869-bb36-0db319092343,HAC Tampines,2026-01-10,1859.50,113,qashier,d38ef3e7c136f12743876d6b8c690d7f777a978998e9a9464041fa9bf39d631c
b29fc9ca-ade6-4869-bb36-0db319092343,HAC Tampines,2026-01-11,1285.00,88,qashier,f90a46094cd6412fabb53c6d17c6478847a5596d7e2facff4686e8492943eced
b29fc9ca-ade6-4869-bb36-0db319092343,HAC Tampines,2026-01-12,488.80,42,qashier,b3d2a49e0d905eba5b14a68e6a0e28485dff3786835e0e28f4ed32c2507068ea
b29fc9ca-ade6-4869-bb36-0db319092343,HAC Tampines,2026-01-13,555.90,50,qashier,ef49bb880e33e919d93cba04afcce13ba2d09c92e537939ac69a3053b3dae8c8
b29fc9ca-ade6-4869-bb36-0db319092343,HAC Tampines,2026-01-14,695.90,55,qashier,b75bbab41c7eaa36ad256bd9f7470dd9c8c13f23c69b4358ab1e4cde32df2186
b29fc9ca-ade6-4869-bb36-0db319092343,HAC Tampines,2026-01-15,788.20,65,qashier,249ef412e62dee89598da1e324acb090d369e51adf5ace4c35061795e44a9ac3
b29fc9ca-ade6-4869-bb36-0db319092343,HAC Tampines,2026-01-16,820.60,65,qashier,168ef344364e0ae7aad25bb332543b8af19b427d1c857cad7e76332f6c24ad32
b29fc9ca-ade6-4869-bb36-0db319092343,HAC Tampines,2026-01-17,1615.74,120,qashier,14f16a58a1efde3b8238a2f8245a1143aef3714f50dc2429fb4ecbd41ee2b64b
b29fc9ca-ade6-4869-bb36-0db319092343,HAC Tampines,2026-01-18,1472.50,92,qashier,d18960150385f227cd58379717ca0aaf8ddd14190408f9252c65586976091fb5
b29fc9ca-ade6-4869-bb36-0db319092343,HAC Tampines,2026-01-19,748.10,57,qashier,8e77b634684d2832ddc4ce259ce7d1fcbf0980127be362c728b1ee633dba376c
b29fc9ca-ade6-4869-bb36-0db319092343,HAC Tampines,2026-01-20,631.90,56,qashier,543b260a68d1a5ce7b41377b54963f75f7ee2019bb4c56bc4f73d79c3285931a
b29fc9ca-ade6-4869-bb36-0db319092343,HAC Tampines,2026-01-21,998.10,71,qashier,44e0506769eca9d91b8c523fa606a27754934088879073c690767eaed6cae2f0
b29fc9ca-ade6-4869-bb36-0db319092343,HAC Tampines,2026-01-22,746.70,57,qashier,8f93b53452399db3928ee4f1d16227e83a5ab7e95493ac852f6c6c7f1c3945e6
b29fc9ca-ade6-4869-bb36-0db319092343,HAC Tampines,2026-01-23,1092.20,72,qashier,e1adaaf469c9dacbde6de7d4f17ff59a058b520404b8e4ab21f5d442e8f4613f
b29fc9ca-ade6-4869-bb36-0db319092343,HAC Tampines,2026-01-24,1573.30,107,qashier,b91a1f918207bb287763e1295cc610144f2173aa413af061aa3a7f1dfb8a12da
b29fc9ca-ade6-4869-bb36-0db319092343,HAC Tampines,2026-01-25,1276.10,88,qashier,01d01380ba105ff3f6d9444672c96c00030060a889608c8adf299972d88b72a6
b29fc9ca-ade6-4869-bb36-0db319092343,HAC Tampines,2026-01-26,763.20,52,qashier,a7dd540e0ca10adc4dad54151b45f15644378e289903a3bdc0d4876cb82ef40e
b29fc9ca-ade6-4869-bb36-0db319092343,HAC Tampines,2026-01-27,562.10,41,qashier,1f2dba35788e4f0e60b5be6aaefbc6388911916802a32722831d86c0f5ae92a7
b29fc9ca-ade6-4869-bb36-0db319092343,HAC Tampines,2026-01-28,532.50,44,qashier,a673e2fc473254808319c27abad0a50851324dc0d7640ccb5387fc782c992d5b
b29fc9ca-ade6-4869-bb36-0db319092343,HAC Tampines,2026-01-29,588.30,46,qashier,701199d10519ad8b7c4241bc3bbcf3f52fbfbc7430a4b9a472b39e596da76fce
b29fc9ca-ade6-4869-bb36-0db319092343,HAC Tampines,2026-01-30,1416.10,106,qashier,cea30a562e682809b8036e642b7f1c36664d62174c44c265d341b67455019f83
b29fc9ca-ade6-4869-bb36-0db319092343,HAC Tampines,2026-01-31,1791.50,95,qashier,b0cc1f221a3254764cdfef5f2de0d07429381fdc386d44695481668f5aa2bb95
b29fc9ca-ade6-4869-bb36-0db319092343,HAC Tampines,2026-02-01,1402.40,88,qashier,cb4f5679786931450b6ad6fd75e2f07dc3d443ab8dbe570e049b3964e02d9acf
b29fc9ca-ade6-4869-bb36-0db319092343,HAC Tampines,2026-02-02,641.90,53,qashier,31bca0a41c9e8f97569b283bad2e91e7d4f159c9d8915957a6e9a8a5297c79e3
b29fc9ca-ade6-4869-bb36-0db319092343,HAC Tampines,2026-02-03,579.80,39,qashier,105ac2e3a6f33ac72a18363042dc93b1f6afe86ddfc4f5ef94b5bca66b707e22
b29fc9ca-ade6-4869-bb36-0db319092343,HAC Tampines,2026-02-05,505.90,39,qashier,2ca1d981137b273dfdf0b03f506561d75bcdad918a8648e41015be006b5e79f5
b29fc9ca-ade6-4869-bb36-0db319092343,HAC Tampines,2026-02-06,1190.70,83,qashier,eeedc618888190f8c27d2e3acf2e0d14f0d69220de4002eb5b1ad3f1028b215f
b29fc9ca-ade6-4869-bb36-0db319092343,HAC Tampines,2026-02-07,1633.20,96,qashier,833fcd548900a89f022b6cb3f35f46153b7c2d6519437adf2808a28e08f8ae9c
b29fc9ca-ade6-4869-bb36-0db319092343,HAC Tampines,2026-02-08,1497.66,91,qashier,1c5410817f890ff38e56a2a1894297e5444228c682bf6a5dbaa31048112ffdc7
b29fc9ca-ade6-4869-bb36-0db319092343,HAC Tampines,2026-02-09,623.80,46,qashier,23f0f54faf547e893b8be9b8be687376e57733f0324acc3cc77838eebb7c86fd
b29fc9ca-ade6-4869-bb36-0db319092343,HAC Tampines,2026-02-10,700.00,52,qashier,ab12982db9cb2e11afb50c377d79ec1ea36e3bfa5b6c1a48a04cc03cb21afbdc
b29fc9ca-ade6-4869-bb36-0db319092343,HAC Tampines,2026-02-11,682.70,53,qashier,6b2d49a1063343b163eff010cd6f5e09a1ff54b2527e685f827362d7a1fe79c1
b29fc9ca-ade6-4869-bb36-0db319092343,HAC Tampines,2026-02-12,617.20,46,qashier,384d3ce26654a025c2e6a0a6a1e23a95ad30267c7b1bfbd0d4ab0e300193bba3
b29fc9ca-ade6-4869-bb36-0db319092343,HAC Tampines,2026-02-13,1038.90,75,qashier,84a89cc865bbdbdfbe0541009645120e512f59564ca9572f6ce4643cd68351db
b29fc9ca-ade6-4869-bb36-0db319092343,HAC Tampines,2026-02-14,1692.00,93,qashier,b0981b774ac5ec821dbe2ff89c8dd64fa1cf107014f837cf48cde0654374fc0a
b29fc9ca-ade6-4869-bb36-0db319092343,HAC Tampines,2026-02-15,1438.30,95,qashier,4cd07fc85d27ce937427d0c168a7955adcc7213547aad10386471a9d1486a84c
b29fc9ca-ade6-4869-bb36-0db319092343,HAC Tampines,2026-02-16,0.00,0,qashier,930a9115900794e871ca4a907cb0c3a16c3a38a42ebd0ed35dd2357b0e72d5ee
b29fc9ca-ade6-4869-bb36-0db319092343,HAC Tampines,2026-02-17,0.00,0,qashier,1d23d26f128c88cd7b9fc4250d1e579d40be0f0a219fa02b82d7bef62ec7787b
b29fc9ca-ade6-4869-bb36-0db319092343,HAC Tampines,2026-02-18,0.00,0,qashier,7fe0b7f6e12c5c75e2ee51a71c21791c1e70214ed87fbc1347df309a0afdf01e
b29fc9ca-ade6-4869-bb36-0db319092343,HAC Tampines,2026-02-19,493.60,40,qashier,14458cbfbd6c575802a8389e2dbcd5a1fe2862236da99a4ef679e342c6f91fae
b29fc9ca-ade6-4869-bb36-0db319092343,HAC Tampines,2026-02-20,1071.80,57,qashier,0f954f7c5a598af3f4c21a95b6808cbd1182fe24abec4172f377644fd5d0e211
b29fc9ca-ade6-4869-bb36-0db319092343,HAC Tampines,2026-02-21,1161.10,65,qashier,bb5340b8b60d90258ced41cbd548a71f3714e8c3b54e8ef37d704fa47d8e72dc
b29fc9ca-ade6-4869-bb36-0db319092343,HAC Tampines,2026-02-22,1014.74,69,qashier,cec2c46f5e7c116014221a72ce988e174624faa69bef8d851394dc243a164ea6
b29fc9ca-ade6-4869-bb36-0db319092343,HAC Tampines,2026-02-23,533.50,42,qashier,e6052ae7a41d4d68ec32e4c4dd205b2c7a722ed663f4c7d031db5b0f7262278d
b29fc9ca-ade6-4869-bb36-0db319092343,HAC Tampines,2026-02-24,549.70,37,qashier,cbd1416a0c40a77fc140f782e1372e74f715911bd8801304ffbc8cf7350d41c0
b29fc9ca-ade6-4869-bb36-0db319092343,HAC Tampines,2026-02-25,445.10,38,qashier,8bc794742fa10c4dfafea3ad5dc118d146aa01ccb3c55736ed019c05159ac5d2
b29fc9ca-ade6-4869-bb36-0db319092343,HAC Tampines,2026-02-26,722.80,57,qashier,ecbaedcbddb661bfd658cfa5d8cf60c052ad968cca7cd213fa4ebc00fa39704c
b29fc9ca-ade6-4869-bb36-0db319092343,HAC Tampines,2026-02-27,1158.50,80,qashier,c5553e83b2be9c3d4f2f57c7abad2c998d9b2717aba760430603cad5509185a5
b29fc9ca-ade6-4869-bb36-0db319092343,HAC Tampines,2026-02-28,1678.10,104,qashier,2cea5f30e6dac4b5656b79c7488969fc60ca380165187ba8d86665c2effd402b
b29fc9ca-ade6-4869-bb36-0db319092343,HAC Tampines,2026-03-01,1169.50,67,qashier,040e029a464942bdf632c445343868e1d2e6388f81c25c8eb2f41a589e811ea9
b29fc9ca-ade6-4869-bb36-0db319092343,HAC Tampines,2026-03-02,546.50,42,qashier,6c563300d8bbbbf9fea13eb88dfb2bc75026c33e907d1df72d63273e282299eb
b29fc9ca-ade6-4869-bb36-0db319092343,HAC Tampines,2026-03-03,778.70,51,qashier,7f522590d77dc4d0513bc0d68f2ad3d907eee5bc83edb0fe95f588fd27f2320b
b29fc9ca-ade6-4869-bb36-0db319092343,HAC Tampines,2026-03-05,639.40,50,qashier,7159a739d1588192cc75d70e7ce62f654b258649aa8e70f7ff08905226b6a5f5
b29fc9ca-ade6-4869-bb36-0db319092343,HAC Tampines,2026-03-06,1308.60,89,qashier,f3a34a7a8d1a660563ba094da82a2a72716bb509d4c2a419a0407737ee3feb03
b29fc9ca-ade6-4869-bb36-0db319092343,HAC Tampines,2026-03-07,1750.12,107,qashier,3baea9be7b0e819661630bb139df6da06862284362a627b7dcbe720a170d454c
b29fc9ca-ade6-4869-bb36-0db319092343,HAC Tampines,2026-03-08,1606.50,92,qashier,d22566352791c82b010b81f9ef5f36bc7c3933dff4b70ee78695ece8b0dce4b7
b29fc9ca-ade6-4869-bb36-0db319092343,HAC Tampines,2026-03-09,642.34,54,qashier,73433537fd6e15ff0094c3e39acb7203f8464c0eb3b7d9b4a4a2e8db78f33e84
b29fc9ca-ade6-4869-bb36-0db319092343,HAC Tampines,2026-03-10,724.20,56,qashier,841538d4a8557a804a78bfc07d9002c445b55efe802f8b479ea3c58749643da0
b29fc9ca-ade6-4869-bb36-0db319092343,HAC Tampines,2026-03-11,677.70,56,qashier,fe04b8f1da14513bca0d9ee1f327797f7d73e408eed71d79d4315240d0e921f9
b29fc9ca-ade6-4869-bb36-0db319092343,HAC Tampines,2026-03-12,714.90,53,qashier,28a4213425f24f3f681e73b42cb5a10f90f486918c78d10bff96f880cc6c2939
b29fc9ca-ade6-4869-bb36-0db319092343,HAC Tampines,2026-03-13,1215.00,89,qashier,1a1e733cf6572dbc80bcb1583971093a081bb64e730c26f9dfd3f7c25f74bc93
b29fc9ca-ade6-4869-bb36-0db319092343,HAC Tampines,2026-03-14,1486.40,96,qashier,911bc336615d54a407105c84cfc062cfd7375890751a3ecb980e6659db4c695c
b29fc9ca-ade6-4869-bb36-0db319092343,HAC Tampines,2026-03-15,1463.30,90,qashier,2f3f72b4c722d2df65714a3c9c61a1fc14f1e062b341505a9e3ddcd40b2a62c1
b29fc9ca-ade6-4869-bb36-0db319092343,HAC Tampines,2026-03-16,937.90,71,qashier,b4a48356066da3bbd755d133bfdcc2e20cad2e89f95146b09fa30804672d1677
b29fc9ca-ade6-4869-bb36-0db319092343,HAC Tampines,2026-03-17,857.00,63,qashier,aee4b63c470c1aad38cdd877a4a4cee24af89efe7ec1f23b36746508386fb937
b29fc9ca-ade6-4869-bb36-0db319092343,HAC Tampines,2026-03-18,657.70,51,qashier,817d80825fe1d52690bca92c8c02776be9b72d26875e9c6169c62e1efa910f0b
b29fc9ca-ade6-4869-bb36-0db319092343,HAC Tampines,2026-03-19,833.90,68,qashier,51c2ebb6c18051672d42f454d04d42913b641066d4e18a1a21066cf4a8d8b450
b29fc9ca-ade6-4869-bb36-0db319092343,HAC Tampines,2026-03-20,1003.40,73,qashier,f5a52e8a0a11504333db460d407ae2a10477172b44120afe76276ecc34debf7d
b29fc9ca-ade6-4869-bb36-0db319092343,HAC Tampines,2026-03-21,1716.20,112,qashier,58f3e3bfc089b803f08520c9871a0932effce8c55fb89061561283480de844d2
b29fc9ca-ade6-4869-bb36-0db319092343,HAC Tampines,2026-03-22,1568.90,97,qashier,3d477b34a67b7f6f3f4bf2aca20c29098ef89ec156b6768084964954d5d4f5a5
b29fc9ca-ade6-4869-bb36-0db319092343,HAC Tampines,2026-03-23,862.50,66,qashier,bc7667c90eec0c11758f50bc6830c956a7282198a62bfb65fac3a54bd5f13173
b29fc9ca-ade6-4869-bb36-0db319092343,HAC Tampines,2026-03-24,826.70,58,qashier,59c7f8f56d22b4db1675a79b490d0cddd0e68fb634c1f835d29a922c6bcd4544
b29fc9ca-ade6-4869-bb36-0db319092343,HAC Tampines,2026-03-25,678.30,49,qashier,7b45f811f8716c44c870cb5de942e072f4d166a46aec8bde033d380e7322c826
b29fc9ca-ade6-4869-bb36-0db319092343,HAC Tampines,2026-03-26,990.80,73,qashier,05e1e722527384aa6421fb012b69107b9238ae28258b368f3576709b7e7baf92
b29fc9ca-ade6-4869-bb36-0db319092343,HAC Tampines,2026-03-27,1341.50,102,qashier,cd8f9ee24ab58431828a21a47fd62c1c7a2fbd10517041304722541e96bf51fd
b29fc9ca-ade6-4869-bb36-0db319092343,HAC Tampines,2026-03-28,1417.20,104,qashier,c95f50cd75cd96d733de823390e20a7368df0db41019c6335df0ab0ccf5dbd1f
b29fc9ca-ade6-4869-bb36-0db319092343,HAC Tampines,2026-03-29,1193.30,69,qashier,de6409a46c8d43409b38bedaa762bcf5e6afabafbdce2f95e13432f498b8fcdd
b29fc9ca-ade6-4869-bb36-0db319092343,HAC Tampines,2026-03-30,606.50,46,qashier,1455d877609fc5e9ce6dc4674aa9b22d41029d2b62e37502073500f053776271
b29fc9ca-ade6-4869-bb36-0db319092343,HAC Tampines,2026-03-31,522.40,42,qashier,d171d68586b74fe3a8ea88eb373312dc7a4a3e048d09de41eb663af79f903df6
b29fc9ca-ade6-4869-bb36-0db319092343,HAC Tampines,2026-04-01,878.90,58,qashier,48a0aefadbd01d42ba2c24d20bd12463ded476cc15413a527b886372004cb3d7
b29fc9ca-ade6-4869-bb36-0db319092343,HAC Tampines,2026-04-02,1049.90,71,qashier,48148de91d1b9c5c41da9ff30113dc36c9ae11004d2a629e0c19cca905463cc9
b29fc9ca-ade6-4869-bb36-0db319092343,HAC Tampines,2026-04-03,1547.90,83,qashier,f7814c7a2946a133efbc044a7b5051ab7494b72937acb55940738d409650b136
b29fc9ca-ade6-4869-bb36-0db319092343,HAC Tampines,2026-04-05,1282.20,86,qashier,e0f16fe20bd92229bc19bc1f7486bf55fd2e7d7aee985b98ee4d0ed5af1c3fe1
b29fc9ca-ade6-4869-bb36-0db319092343,HAC Tampines,2026-04-06,733.90,60,qashier,1da41a0c7527c9262de4273adcf2767794d9861f33a1c879a7278ea2dadc5b51
b29fc9ca-ade6-4869-bb36-0db319092343,HAC Tampines,2026-04-07,559.80,39,qashier,77a5b5a3b19676030e36c3728758e7483f6b1e071c1c6e3d14c92f834508a04e
b29fc9ca-ade6-4869-bb36-0db319092343,HAC Tampines,2026-04-08,615.60,44,qashier,e4786e11e915c484e4ee19a87382a72d22b182ed43042dad2cb265d1ffc478e8
b29fc9ca-ade6-4869-bb36-0db319092343,HAC Tampines,2026-04-09,947.30,71,qashier,db76851b7f308ce605d67bcedb51754467f7ca7bd02d2d00a0e42f170f6a121e
b29fc9ca-ade6-4869-bb36-0db319092343,HAC Tampines,2026-04-10,1062.80,76,qashier,e2afc02ed83377fbaa0757da31572f64428329b735f7edafd6fbafc5c977ee84
b29fc9ca-ade6-4869-bb36-0db319092343,HAC Tampines,2026-04-11,1704.20,92,qashier,2f30c90c0269e0f7ac57dc853d6f727205824b1dd70c8b75027d3d827280eda8
b29fc9ca-ade6-4869-bb36-0db319092343,HAC Tampines,2026-04-12,1399.50,93,qashier,668decfc29345d51bb0a486d3edffdcd1e2233f3201472b144bfda9c1035121a
b29fc9ca-ade6-4869-bb36-0db319092343,HAC Tampines,2026-04-13,654.30,47,qashier,f61eedf1e56160ef19d507ec924b7eececb6771a90bef91bae46c52625974298
b29fc9ca-ade6-4869-bb36-0db319092343,HAC Tampines,2026-04-14,748.74,51,qashier,3d07d79933e74888b66abdbebaeb43aec11d4dec13640668774d703f4b655951
b29fc9ca-ade6-4869-bb36-0db319092343,HAC Tampines,2026-04-15,524.90,41,qashier,5dabc3ed77f22ee22834305d54e353bbc76764702fb7c753bdd640968951f599
b29fc9ca-ade6-4869-bb36-0db319092343,HAC Tampines,2026-04-16,610.10,47,qashier,3550c7b425c6a7b86f609bdef43082e87ae1d86724a47e463634cbfbd3671397
b29fc9ca-ade6-4869-bb36-0db319092343,HAC Tampines,2026-04-17,1319.90,93,qashier,b0cbb2c71f2b3ab7dd262bf034f0f33680f14362da10f76e0f9b081f2765029e
b29fc9ca-ade6-4869-bb36-0db319092343,HAC Tampines,2026-04-18,1630.60,114,qashier,498cba3a85c737faf75f40d151850b15b45abb2f63bc8fe555112e0d2e9063da
b29fc9ca-ade6-4869-bb36-0db319092343,HAC Tampines,2026-04-19,1188.60,89,qashier,dad8cf819ecb585c33b3163c441ae8a15311a713ba684e448615115b9576d0b5
b29fc9ca-ade6-4869-bb36-0db319092343,HAC Tampines,2026-04-20,775.70,65,qashier,b8dd2390fb909ba7cf21bc126ea772131a337d6afa48918f2e51b7a798052805
b29fc9ca-ade6-4869-bb36-0db319092343,HAC Tampines,2026-04-21,594.50,45,qashier,5e49a0119da39711162c340cfddf209e8b2bad70142c452672cdd9746121b158
b29fc9ca-ade6-4869-bb36-0db319092343,HAC Tampines,2026-04-22,536.90,39,qashier,320127414bb598f53d5a7a2fbd2ef3d4056f56d18b03a8b6a18723232b974993
b29fc9ca-ade6-4869-bb36-0db319092343,HAC Tampines,2026-04-23,757.65,58,qashier,2bd947375b29497c79897933c26845dee6ce7b67359fd726dc6d7bbafcf4e12a
b29fc9ca-ade6-4869-bb36-0db319092343,HAC Tampines,2026-04-24,1175.64,73,qashier,02b885157b9e2480e9930ace7aad408c13b97d764c8d0d2541cbbdbb748a084d
b29fc9ca-ade6-4869-bb36-0db319092343,HAC Tampines,2026-04-25,1771.60,111,qashier,a4ab41694924479c078ec314a60ae0325e3f10ae0280bdd3ddad2f1463fec6ec
b29fc9ca-ade6-4869-bb36-0db319092343,HAC Tampines,2026-04-26,1313.90,88,qashier,0fcf5cf39d5f79ea6b55133e6274f5230a6a81c542c1eb63dab1d74f1a92be24
b29fc9ca-ade6-4869-bb36-0db319092343,HAC Tampines,2026-04-27,410.50,36,qashier,1db42fe4c9ef3f591cfd5a073fad4c555e4ae02c54cc51d721c68d8a165a67c4
b29fc9ca-ade6-4869-bb36-0db319092343,HAC Tampines,2026-04-28,893.70,62,qashier,ad1620eb98db4972ce4b7e326c3571ceb2a4c2f5137c6eea0dd28f14124ece3c
b29fc9ca-ade6-4869-bb36-0db319092343,HAC Tampines,2026-04-29,697.30,47,qashier,ee02e614b62c59b4ddac448ae2f6d023a421acbbc38fee285a6fb8c2b6a51f74
b29fc9ca-ade6-4869-bb36-0db319092343,HAC Tampines,2026-05-05,492.10,39,qashier,f1684c77e01878afb523d820ec8ecbcc0d50632128bbb204f9589066872205c2
b29fc9ca-ade6-4869-bb36-0db319092343,HAC Tampines,2026-05-06,809.60,67,qashier,629b8d6bb6566fc20aaddda20755595286a7a2806771f03f22d7c85e82bde36e
b29fc9ca-ade6-4869-bb36-0db319092343,HAC Tampines,2026-05-07,755.70,55,qashier,ad37f8d57a4c4971ea30c9c241128baaed48166755d539794de707b77a62fadd
b29fc9ca-ade6-4869-bb36-0db319092343,HAC Tampines,2026-05-08,724.20,53,qashier,faf24c1752efa551cf22bcc67476b6aeffa4218c491fefe3b3083b57053b4516
b29fc9ca-ade6-4869-bb36-0db319092343,HAC Tampines,2026-05-09,1574.25,101,qashier,7142b17e8664d644344b3860f5a39909fec1f89a32ac7a44749cc925366e79f6
b29fc9ca-ade6-4869-bb36-0db319092343,HAC Tampines,2026-05-10,1717.40,107,qashier,218810e83d2fdd0f3e2aafcf4dfe78f017721966c7db26416b361bf45e906b38
b29fc9ca-ade6-4869-bb36-0db319092343,HAC Tampines,2026-05-11,831.30,64,qashier,a844d9ebff38ff40286d8976efb9877348187c853e089e9a8d21fbcb2bd78cfe
b29fc9ca-ade6-4869-bb36-0db319092343,HAC Tampines,2026-05-12,598.50,44,qashier,e5f10107d4f18cc43fe0c4823cc8c141fa64c95fda21f7f07c449a8074471e87
b29fc9ca-ade6-4869-bb36-0db319092343,HAC Tampines,2026-05-13,601.50,40,qashier,b913531dc46bdba7f1a5ec602fdf6c81151514a3b8fa41f38be843ce46155aaa
b29fc9ca-ade6-4869-bb36-0db319092343,HAC Tampines,2026-05-14,787.40,56,qashier,ce32f6ee7c4fdf2fdb25db35f7a787fd78ce793429dd72097402c2d82b32246d
b29fc9ca-ade6-4869-bb36-0db319092343,HAC Tampines,2026-05-15,932.70,62,qashier,af4b43622547002abc0e2d9a12aa456b261217692b41f95d6a7d89e92745cb06
b29fc9ca-ade6-4869-bb36-0db319092343,HAC Tampines,2026-05-16,1065.10,70,qashier,36d8ad5d59a38eddba88d6762106e505dcf52f8aa94a6281e82126ee9e0156f0
b29fc9ca-ade6-4869-bb36-0db319092343,HAC Tampines,2026-05-17,1625.30,91,qashier,ee9bee042ae2526b41af10c0b4d116cd17381f0372c8783e2e1cb664fe9f28fd
b29fc9ca-ade6-4869-bb36-0db319092343,HAC Tampines,2026-05-18,807.50,70,qashier,0f30cf381f13dc759e7d6c815c58fd17f0ffefc27518e5615a8dc38cf5d0e271
b29fc9ca-ade6-4869-bb36-0db319092343,HAC Tampines,2026-05-19,830.10,64,qashier,f5d633cc1061e6c2703863d4fe844b08d7984fa35f7e041b69f1cb310ed0412a
b29fc9ca-ade6-4869-bb36-0db319092343,HAC Tampines,2026-05-20,844.50,57,qashier,1a8c40d765f4ee39653e22370ed266372e6aa0cfe4cc1ca714428b8bf5bdac61
b29fc9ca-ade6-4869-bb36-0db319092343,HAC Tampines,2026-05-21,1078.50,76,qashier,676f58c041b5d9773e8c67bfcf08256067480c0342a51c972472f084ffc5f58c
b29fc9ca-ade6-4869-bb36-0db319092343,HAC Tampines,2026-05-22,1153.40,82,qashier,21f6f9cdb73807ea322aeb7784ed3a0082499f543688acdaad123f149814a8c1
b29fc9ca-ade6-4869-bb36-0db319092343,HAC Tampines,2026-05-24,1370.60,74,qashier,b5da0400ab663a82ebe4d5a4831a102308e22375ea67d17d4cad9145ca332ea0
b29fc9ca-ade6-4869-bb36-0db319092343,HAC Tampines,2026-05-25,805.30,57,qashier,288f3949499e1f99ed0105c3df3bf35edb376d68c949fc546ce9529b7b98a61f
b29fc9ca-ade6-4869-bb36-0db319092343,HAC Tampines,2026-05-26,1170.60,80,qashier,1143b091461df7739645bf3b30da461194fa88a95ddc5173eb87c662ceff8c91
b29fc9ca-ade6-4869-bb36-0db319092343,HAC Tampines,2026-05-27,1290.30,79,qashier,e70a1f27939e3bf5f0da4629a84acf9b2f2fd8bda6a9a16b77213e7d6d3a333c
b29fc9ca-ade6-4869-bb36-0db319092343,HAC Tampines,2026-05-28,843.50,57,qashier,62feff64da49fcb30958ea1385ef2355b23ca664e87cd8b1957e802f1119fc88
b29fc9ca-ade6-4869-bb36-0db319092343,HAC Tampines,2026-05-29,1398.40,97,qashier,0984ae93ecc49ace21d6abaf450cb412f59df5ec152f10345bd9f067118dc726
b29fc9ca-ade6-4869-bb36-0db319092343,HAC Tampines,2026-05-30,1517.60,101,qashier,84d36105a537ac20dab993ab6be100bd966f88e31b29829c9667ec13cd8ea874
b29fc9ca-ade6-4869-bb36-0db319092343,HAC Tampines,2026-05-31,1865.18,93,qashier,9186f87f27c3cec06059cf1113939c80a51c77ed79a8d960b284222ffc2a11b2
b29fc9ca-ade6-4869-bb36-0db319092343,HAC Tampines,2026-06-01,1326.28,87,qashier,7ea2f8f9203c10233f41daf1344576d95c0802b5476eb4dc4ec61d2239dcc6cd
b29fc9ca-ade6-4869-bb36-0db319092343,HAC Tampines,2026-06-02,485.90,40,qashier,05277f8041c66184e816484498ba7f162571ae2f142340e3dcd1393eb043c9d9
b29fc9ca-ade6-4869-bb36-0db319092343,HAC Tampines,2026-06-03,846.60,69,qashier,4e73e77a03d26af104fb2983047753230c50b3f36a40872f26857f32e9f76ed5
b29fc9ca-ade6-4869-bb36-0db319092343,HAC Tampines,2026-06-05,1372.20,91,qashier,194b667fb38b5e300210679d54ddd4ea1a1424d45f9045712d204fa1f15469de
b29fc9ca-ade6-4869-bb36-0db319092343,HAC Tampines,2026-06-06,1119.90,76,qashier,8ec1f2caab03254b336fd0ca8af2f5c42d258219cdd3d0f160483a6541455189
b29fc9ca-ade6-4869-bb36-0db319092343,HAC Tampines,2026-06-07,1465.30,92,qashier,e53e4308681b04f819ddd75e4503b624ecdaa385bd8fce2223324f3c92e39268
b29fc9ca-ade6-4869-bb36-0db319092343,HAC Tampines,2026-06-08,816.00,58,qashier,43e168fa35563da8b29f8af0be3d7d005d938fa7344130005772d5168bf53bfc
b29fc9ca-ade6-4869-bb36-0db319092343,HAC Tampines,2026-06-09,525.40,42,qashier,28c4de256fad179cfa7da5fe30a37faa73814d7886dfe51f7686566bc3b838fa
b29fc9ca-ade6-4869-bb36-0db319092343,HAC Tampines,2026-06-11,815.60,52,qashier,2363178a2652d2a19ecea91cea2bc84fbb909d43259545716d1341f6a0df1dd2
b29fc9ca-ade6-4869-bb36-0db319092343,HAC Tampines,2026-06-12,1142.30,67,qashier,8cb67c921a8229ed15b691a2530e9e370c12dd57e42218950dde4fd1189ccb96
b29fc9ca-ade6-4869-bb36-0db319092343,HAC Tampines,2026-06-13,1262.20,77,qashier,cc89648ca71b154837fc0f3f5a1da2a69390b29f80ff9ba24c1976257c360565
b29fc9ca-ade6-4869-bb36-0db319092343,HAC Tampines,2026-06-14,1334.38,86,qashier,30301c09d6f2a57b69ab8cb55c19c280e446cffaf9ef8f7de94802c6073bf700
b29fc9ca-ade6-4869-bb36-0db319092343,HAC Tampines,2026-06-15,869.50,56,qashier,780e4d748cfd888b8cde82d384a903c1e65e52d4734ec511928a10118e0f96b9
b29fc9ca-ade6-4869-bb36-0db319092343,HAC Tampines,2026-06-16,598.00,48,qashier,8a0a6c92a125637c4b3c0682819e924800d3b545401d736cf1b251b07bf904eb
b29fc9ca-ade6-4869-bb36-0db319092343,HAC Tampines,2026-06-17,716.60,63,qashier,da2fd70994ee3789a9993032c8361ecad9020c411356315fe416a571a294534a
b29fc9ca-ade6-4869-bb36-0db319092343,HAC Tampines,2026-06-18,815.20,63,qashier,28af08d0b32e327a6f41559a4025b2d3910ace072934a61fc5be4c45d39750e0
b29fc9ca-ade6-4869-bb36-0db319092343,HAC Tampines,2026-06-19,1095.70,73,qashier,1d87ee3337bd4bf16761c39bdb7a1707c6daec971ab0d264a0ff2faf7c78e94f
b29fc9ca-ade6-4869-bb36-0db319092343,HAC Tampines,2026-06-20,1367.40,92,qashier,304939883d5e727aec652c9cc14e73ce33c343ba28338303663d0bc53feaccb2
b29fc9ca-ade6-4869-bb36-0db319092343,HAC Tampines,2026-06-21,1317.40,77,qashier,17aebf7cf083c6c106ceab911e836e2008f366b6cb42538b427427824c33ecf9
b29fc9ca-ade6-4869-bb36-0db319092343,HAC Tampines,2026-06-22,799.30,58,qashier,071d001dedfe1cb324e7d5b35b27e58b2e89e7b3a229222fbc28bf6732856857
b29fc9ca-ade6-4869-bb36-0db319092343,HAC Tampines,2026-06-23,641.85,47,qashier,67cad709be2cea0570352d0fdf7b7b7eb285a2674a816ecf60a2818f4790d59c
b29fc9ca-ade6-4869-bb36-0db319092343,HAC Tampines,2026-06-24,663.60,46,qashier,c4f5e90573ac8883999a5524fc249833a1572d9bed538a807e8704a3b34ca5e5
b29fc9ca-ade6-4869-bb36-0db319092343,HAC Tampines,2026-06-25,823.24,56,qashier,55c0d0f181612c832006d6987c74118808dd9b8b608f134820e0bbda0e15c8a5
b29fc9ca-ade6-4869-bb36-0db319092343,HAC Tampines,2026-06-26,1210.90,86,qashier,448710f3738fdb6e17b1c3e0b19046a67ba63a9240823a2a4154c3eb0bee0a2d
b29fc9ca-ade6-4869-bb36-0db319092343,HAC Tampines,2026-06-27,1340.00,96,qashier,fac96efa03b91188109d44d3822d03309f5f49b3db4e09345224a2b2722eac16
b29fc9ca-ade6-4869-bb36-0db319092343,HAC Tampines,2026-06-28,1333.50,87,qashier,107ada8c8d7449a2ce34c8543f21fe48cd5af87458f64e56b977eba498dda603
b29fc9ca-ade6-4869-bb36-0db319092343,HAC Tampines,2026-06-29,728.80,55,qashier,b7c7a47fadf121c3edfb209d0eebc0aa89c06513a47bc8c9102300205ea72018
b29fc9ca-ade6-4869-bb36-0db319092343,HAC Tampines,2026-06-30,641.90,47,qashier,894d72ab0b013586ec1812cfc40cdb336d300271c649bf21e0af31afbd2ebd6d
b29fc9ca-ade6-4869-bb36-0db319092343,HAC Tampines,2026-07-01,664.00,56,qashier,92885c07c641a8d86b1e767e3a121a9221a961df782feddbd241fdb089838c58
b29fc9ca-ade6-4869-bb36-0db319092343,HAC Tampines,2026-07-02,715.20,51,qashier,c147d79e1e241ddb12490154303acab4656aa6f6ac3be1912cb5c9deb70fb3bf
b29fc9ca-ade6-4869-bb36-0db319092343,HAC Tampines,2026-07-03,961.80,70,qashier,cbf12c398e4ba0f5a1df303df3f4ac4d29df5b6eb18e9377bc9a0e1d54e8d033
b29fc9ca-ade6-4869-bb36-0db319092343,HAC Tampines,2026-07-05,1363.50,92,qashier,518af991267e89eb982e160f5b1e049a13f61af1836c97fef15124ce3e6d7d78
b29fc9ca-ade6-4869-bb36-0db319092343,HAC Tampines,2026-07-06,976.44,75,qashier,2281c80ecb65279faf657b7ca8e20c9bd8645a916685360c81ec20e2d7ef6b09
b29fc9ca-ade6-4869-bb36-0db319092343,HAC Tampines,2026-07-07,729.50,49,qashier,7bcb4cd3ff826b372714d5aa4273495e4c4fec2f734265891e3a89c3525b01b3
b29fc9ca-ade6-4869-bb36-0db319092343,HAC Tampines,2026-07-08,867.50,59,qashier,44d63d4cba96e6655d27e7cd0ec39a8a411c7354995f89fcbc7ed7ef466031e0
b29fc9ca-ade6-4869-bb36-0db319092343,HAC Tampines,2026-07-09,692.40,51,qashier,a6c840a25bdb33f05e7c30fb7a6709a8769b6c3f6a55f467c0495e4cadd2f24c
b29fc9ca-ade6-4869-bb36-0db319092343,HAC Tampines,2026-07-10,1277.80,98,qashier,a63165657826df696e813e04a551af91ac7582ed0f11513577e222e5a098f066
b29fc9ca-ade6-4869-bb36-0db319092343,HAC Tampines,2026-07-11,1173.40,80,qashier,f4c4cd66eb53ecae21237693f3979341c8a478a8b548292d221dff0d41254345
b29fc9ca-ade6-4869-bb36-0db319092343,HAC Tampines,2026-07-12,1278.00,80,qashier,1be40b89421e1b2cb78ab029ea6645a94ba3d0525b5bbf259028bfad5a3333d8
b29fc9ca-ade6-4869-bb36-0db319092343,HAC Tampines,2026-07-13,596.30,48,qashier,02e55ac28ee6f1240f4aa9de3ad24fe3cfeeb8af9fbd7b75cd7840f43319bec1
b29fc9ca-ade6-4869-bb36-0db319092343,HAC Tampines,2026-07-14,890.80,61,qashier,4eccfa93e089603c2de7e9d7f18543835632b338b3ceb3772363cc0b3ebac20c
b29fc9ca-ade6-4869-bb36-0db319092343,HAC Tampines,2026-07-15,755.90,56,qashier,c0b37919a64f5be722ab635e0bcd257fff18b80c1595142d5463d2345049decc
b29fc9ca-ade6-4869-bb36-0db319092343,HAC Tampines,2026-07-16,821.40,64,qashier,2a414f0bf8371a14766d46eb930865e4ca95a1943f45a4f136605ab8ef010e06
b29fc9ca-ade6-4869-bb36-0db319092343,HAC Tampines,2026-07-17,961.50,73,qashier,73c3877cc0fb40adc3bddb4022d31bef4f298aba3ff4cad800640bd0a995bab0
b29fc9ca-ade6-4869-bb36-0db319092343,HAC Tampines,2026-07-18,1517.00,96,qashier,c0b5fbc90f180a1ade66f1994bd4ddc4659c262a2a589aad741ae1fb80c42c36
b29fc9ca-ade6-4869-bb36-0db319092343,HAC Tampines,2026-07-19,1349.80,90,qashier,ceea8aa709bba7f6ed260fbd23504754516a415592d25c07bcddd9ec5bc12856
b29fc9ca-ade6-4869-bb36-0db319092343,HAC Tampines,2026-07-20,559.80,35,qashier,4a6cf9afea6fa5ba6cbfd207c422f605094c393d8cb7ff64d19619b8907ec901
b29fc9ca-ade6-4869-bb36-0db319092343,HAC Tampines,2026-07-21,744.50,54,qashier,90ddf29fcbc98c0d02c9a0812a876eebb4adcbf0ef487e44945e18de08c2352e
b29fc9ca-ade6-4869-bb36-0db319092343,HAC Tampines,2026-07-22,520.60,42,qashier,5368f7ee571fb64a9faf9621cfc5ec8d42523e76d0bbb4f4e1b1a11ff02d706b
b29fc9ca-ade6-4869-bb36-0db319092343,HAC Tampines,2026-07-23,821.70,70,qashier,1e970d810377909a844726e1bc1700a69d41717671837798b9273e7ef14a226a
b29fc9ca-ade6-4869-bb36-0db319092343,HAC Tampines,2026-07-24,1237.00,89,qashier,cec6b0bf4a261f444e10f25d23a8aa8cb67661c97b965dd2addbe1431365d1b4
b29fc9ca-ade6-4869-bb36-0db319092343,HAC Tampines,2026-07-25,1596.90,106,qashier,ef01e9863d1937f2dac090f89bb278b54e9c43838a20a3acdf56653f614840c8
b29fc9ca-ade6-4869-bb36-0db319092343,HAC Tampines,2026-07-26,1584.20,90,qashier,82942d8dd2016770bda9b57a805ddcce2cc7bec626641786ce10ff65fc363329
b29fc9ca-ade6-4869-bb36-0db319092343,HAC Tampines,2026-07-27,783.00,59,qashier,72fe94f716eab61c9f5043d1234b8d291bcf3334da0d92a72ac017b549a0dca5
b29fc9ca-ade6-4869-bb36-0db319092343,HAC Tampines,2026-07-28,676.40,56,qashier,1832f4d281251ccce8c7192c5ff47b0e7960be933f089972af20d4b44995987d
b29fc9ca-ade6-4869-bb36-0db319092343,HAC Tampines,2026-07-29,587.30,44,qashier,76aa99ae79cbb5952fd7f08ba2b3f98427d34c522f379288fde5afed2d6e7a9a
b29fc9ca-ade6-4869-bb36-0db319092343,HAC Tampines,2026-07-30,748.70,58,qashier,38f73e3bc8791b08854c0c2aa36cddd133c64f72dcd51ff111e9afc6e6437b82
b29fc9ca-ade6-4869-bb36-0db319092343,HAC Tampines,2026-07-31,1245.60,95,qashier,7266cf393d576c3b2a8db8e1591367ac6dbb4c1a709ff28cb92f12d90a9bdf21
b29fc9ca-ade6-4869-bb36-0db319092343,HAC Tampines,2026-08-01,1242.20,88,qashier,24ec1abe3bead6d310d50c0a95a23474dd0257f28696d12fa10fa683f0157925
b29fc9ca-ade6-4869-bb36-0db319092343,HAC Tampines,2026-08-02,1377.80,86,qashier,2b9bb4362ed8250f1255e4cc82906850ceeb4832cce7185e164f4787e901010b
b29fc9ca-ade6-4869-bb36-0db319092343,HAC Tampines,2026-08-03,895.90,63,qashier,326699b0fa9ceda2319a70383f2a9cc8413eaef3b8950e457a2c382a2c739f6a
b29fc9ca-ade6-4869-bb36-0db319092343,HAC Tampines,2026-08-05,717.40,66,qashier,bfb659812b3f81fb91fa77fddc06dcdb4f331bec5f104f1970fde55f229eeace
b29fc9ca-ade6-4869-bb36-0db319092343,HAC Tampines,2026-08-06,853.30,57,qashier,31e79df3ef79f39af9aa485250fe9c859513d19d3dc358d30f1dcc041924f848
b29fc9ca-ade6-4869-bb36-0db319092343,HAC Tampines,2026-08-07,1262.10,82,qashier,a52647f63367306cac526f19e198617e474aae94b2faa056e5c2a6bffbe6cc29
b29fc9ca-ade6-4869-bb36-0db319092343,HAC Tampines,2026-08-08,1586.50,87,qashier,7e204110295cb06945b9e7ae583ec843c3cbf01d398675eda4a9ff31fcdcf97b
b29fc9ca-ade6-4869-bb36-0db319092343,HAC Tampines,2026-08-09,1673.10,90,qashier,5632282bd4ba3227527c36a5c0910f2679fe258f03aab0e6ae49b348cd50601e
b29fc9ca-ade6-4869-bb36-0db319092343,HAC Tampines,2026-08-10,1284.10,78,qashier,c67451a7759cad667331b231fe09a4ae988ea59ad234011d94f6293580b7bbef
b29fc9ca-ade6-4869-bb36-0db319092343,HAC Tampines,2026-08-11,759.90,39,qashier,d8e786d82ba00af1c8053f30365b6c0921ff346aea4af7e325b2d5591a4f64c9
b29fc9ca-ade6-4869-bb36-0db319092343,HAC Tampines,2026-08-12,832.90,67,qashier,b948961f0eb700c00d977a815ae906758198e36d6b5443dc59400ba206649f69
b29fc9ca-ade6-4869-bb36-0db319092343,HAC Tampines,2026-08-13,581.80,44,qashier,e39930435c3d359f47b35cfe3176876416162a67a3ba09c6190d1ab0aa861a7b
b29fc9ca-ade6-4869-bb36-0db319092343,HAC Tampines,2026-08-14,1018.20,71,qashier,eb599ddf4fa5cf39822133a1af3334eabae6d7ef9f5ea173a72c11fd1965b36e
b29fc9ca-ade6-4869-bb36-0db319092343,HAC Tampines,2026-08-15,1505.20,101,qashier,75c9a31c9fe73d07e661ada984179cee1ae1cd736499ce4498e0707c60989564
b29fc9ca-ade6-4869-bb36-0db319092343,HAC Tampines,2026-08-16,882.24,63,qashier,d24b6fdfb3a2c74f44fa36d6a2e19e75b6eb2f2a28d15aae10c71bfdbf417e27
b29fc9ca-ade6-4869-bb36-0db319092343,HAC Tampines,2026-08-17,509.27,42,qashier,075185499930f6d6f75891931f3e96a49e0ae5020b1dd906a63228189a7d7429
b29fc9ca-ade6-4869-bb36-0db319092343,HAC Tampines,2026-08-18,612.80,51,qashier,8ecf9bca91efa44c748b28bb06aaa248a7b2f5dc421f114a797dc46432d6d5f5
b29fc9ca-ade6-4869-bb36-0db319092343,HAC Tampines,2026-08-19,653.90,49,qashier,062f5d0750b5e176d649014daec3b312093a52effcaeaf620cecf456d9cdab1b
b29fc9ca-ade6-4869-bb36-0db319092343,HAC Tampines,2026-08-20,746.60,46,qashier,4b17ab07823161fa3a283d9c4cec286f5cdf40341826b1d585e7b7047057d6e3
b29fc9ca-ade6-4869-bb36-0db319092343,HAC Tampines,2026-08-21,1078.60,69,qashier,4e22f34005f74ca30aee41c2910f86c076762b2b2e0eef03c04f08d985701337
b29fc9ca-ade6-4869-bb36-0db319092343,HAC Tampines,2026-08-22,1279.00,80,qashier,7a1c1c56569a31f7b85629ec47790cb63d4854a11b55d58744d6610029afb04d
b29fc9ca-ade6-4869-bb36-0db319092343,HAC Tampines,2026-08-23,1431.40,80,qashier,e9f255d9b488cb542b4c97fe887dd8f12a21e197fc3da85c4d315fb0b288439f
b29fc9ca-ade6-4869-bb36-0db319092343,HAC Tampines,2026-08-24,637.70,46,qashier,42e6d54c8d77cae7b1cb8dc03214484cba39f19d01e8688f62d78840abed0ad7
b29fc9ca-ade6-4869-bb36-0db319092343,HAC Tampines,2026-08-25,911.80,61,qashier,df67f4d2eb533d07eda68a554203d38fc7d933beb89f044665eb6fe144984b0f
b29fc9ca-ade6-4869-bb36-0db319092343,HAC Tampines,2026-08-26,583.10,43,qashier,eb2b7b4c6789babbee40a196ec198eb5e3543ae347caf6f2f17ecd68d5c9d5a9
b29fc9ca-ade6-4869-bb36-0db319092343,HAC Tampines,2026-08-27,804.75,56,qashier,b64ff17db0f7634d2d3c6c3ff61a83c68c85dcbc5069ef0f7522917cff5c2be4
b29fc9ca-ade6-4869-bb36-0db319092343,HAC Tampines,2026-08-28,1426.50,88,qashier,c33536642e6d2b16a18644fde422943cbb651b91eb65e56be9d8b194f4671b95
b29fc9ca-ade6-4869-bb36-0db319092343,HAC Tampines,2026-08-29,1545.00,98,qashier,6f0ff2ec1070b50d53b2911702db157bd4922c4d378bf4d2b00534a41d99aeee
b29fc9ca-ade6-4869-bb36-0db319092343,HAC Tampines,2026-08-30,1645.90,99,qashier,1a9d5d17512ed8186eb1e14a9c7321be3bf7fd9f0eecb407891c633670fdd407
b29fc9ca-ade6-4869-bb36-0db319092343,HAC Tampines,2026-08-31,662.60,50,qashier,6d511a199fa9da87fa13540d4499932bec148b92c5adddec73a18082e3b75797
b29fc9ca-ade6-4869-bb36-0db319092343,HAC Tampines,2026-09-01,677.70,50,qashier,70a5f5624a97aa1d1a48bd4f97559bdf5ba3ffefbc5b193fcc3d9fcd13113deb
b29fc9ca-ade6-4869-bb36-0db319092343,HAC Tampines,2026-09-02,829.30,62,qashier,15b44ceff940122697332bdd5f40965de5f46f7ba6ad5a74a64aaaf0f82f9848
b29fc9ca-ade6-4869-bb36-0db319092343,HAC Tampines,2026-09-03,966.50,75,qashier,3f37e0438ad0c27e40e04b5b7dab0fa21c130995cf585aea957e42cf62876437
b29fc9ca-ade6-4869-bb36-0db319092343,HAC Tampines,2026-09-05,1407.20,88,qashier,9e06d740d734d20ad8a2e8f8158590e8a05eaf1930f8adca60c0108f9c720ee5
b29fc9ca-ade6-4869-bb36-0db319092343,HAC Tampines,2026-09-06,1263.90,83,qashier,6040088fce223db892f16acd10659813339f9463d76d835c2028bd95df954f59
b29fc9ca-ade6-4869-bb36-0db319092343,HAC Tampines,2026-09-07,663.90,48,qashier,4282e670dea164f0968b737235a8614be882aaffde72439e5b95eac1a4485c5e
b29fc9ca-ade6-4869-bb36-0db319092343,HAC Tampines,2026-09-08,757.20,64,qashier,94936a2d6371d4a8adcca5bf096940e23fb5ee1eab292f48495a5f6d052fb8e6
b29fc9ca-ade6-4869-bb36-0db319092343,HAC Tampines,2026-09-09,764.30,55,qashier,c76871e63b4ee10fe559d854f5dbfafb67e65f9dacc7eeb345282ba3bdaf7f50
